experiment,category,instance_id,algorithm,objective,feasible,distance_km,time_min,toll_inr,fuel_inr,empty_km,circular_score,classical_objective,improvement,total_ms,classical_ms,cost_snapshot_id,seed,q_quantum_invoked,q_quantum_contribution_used,q_final_route_source,variant,violations,tour,corridor_ms,qubo_build_ms,quantum_ms,decode_ms,postprocess_ms,n_qubo_vars,q_quantum_artifact_source,q_quantum_artifact_ids,q_quantum_contribution_score,q_classical_incumbent_objective,q_quantum_candidate_objective,q_rejection_reason,q_n_qubits,q_circuit_depth,q_shots,q_feasible_sampling_rate,q_coupling_density,q_skip_reason
quav_hybrid_v1,simple_alternatives,INS_B8E7057C200C,BEST_CLASSICAL,297.02434999999997,False,167.63,219.74,57.96,3084.38,20.047,0.0,297.02434999999997,0.0,0.8405000116908923,0.6834999949205667,CST_48011250D4FB,42,False,False,classical_incumbent,,,,,,,,,,,,,,,,,,,,,
quav_hybrid_v1,simple_alternatives,INS_B8E7057C200C,HYBRID-1,297.02434999999997,False,167.63,219.74,57.96,3084.38,20.047,0.0,297.02434999999997,0.0,12.457800010452047,0.5918000097153708,CST_48011250D4FB,42,False,False,classical_incumbent,HYBRID-1,route_0_over_capacity,"0,8,9,10,11,4,1,2,6,7,3,5",11.686600002576597,0.0,0.0,0.0,0.0,,none,,0.0,297.02434999999997,,,,,,,,"classical choice is confident (closest alternative is 6.6% worse, threshold 5%)"
quav_hybrid_v1,simple_alternatives,INS_B8E7057C200C,HYBRID-2,297.02434999999997,False,167.63,219.74,57.96,3084.38,20.047,0.0,297.02434999999997,0.0,16.223999991780147,1.8674999882932752,CST_48011250D4FB,42,False,False,classical_incumbent,HYBRID-2,route_0_over_capacity,"0,8,9,10,11,4,1,2,6,7,3,5",13.418000002275221,0.0,0.0,0.0,0.0,,none,,0.0,297.02434999999997,,,,,,,,"classical choice is confident (closest alternative is 6.6% worse, threshold 5%)"
quav_hybrid_v1,simple_alternatives,INS_82A1F141D776,BEST_CLASSICAL,500.9722,False,284.557,372.03,229.8,5235.83,33.31,0.0,500.9722,0.0,0.5310999986249954,0.378400000045076,CST_48011250D4FB,42,False,False,classical_incumbent,,,,,,,,,,,,,,,,,,,,,
quav_hybrid_v1,simple_alternatives,INS_82A1F141D776,HYBRID-1,500.9722,False,284.557,372.03,229.8,5235.83,33.31,0.0,500.9722,0.0,1293.6139999947045,0.2975999959744513,CST_48011250D4FB,42,True,False,classical_incumbent,HYBRID-1,route_0_node_4_late;route_0_node_6_late;route_0_node_7_late,"0,1,2,5,4,6,3,7",5.842900005518459,1.389600001857616,1284.8254999989877,0.03770001058001071,0.49279999802820385,8.0,quantum_simulator,,0.0,500.9722,500.9722,candidate_infeasible_after_refinement,8.0,78.0,1024.0,0.009765625,0.7857142857142857,
quav_hybrid_v1,simple_alternatives,INS_82A1F141D776,HYBRID-2,500.9722,False,284.557,372.03,229.8,5235.83,33.31,0.0,500.9722,0.0,1208.2393000018783,0.7348999934038147,CST_48011250D4FB,42,True,False,classical_incumbent,HYBRID-2,route_0_node_4_late;route_0_node_6_late;route_0_node_7_late,"0,1,2,5,4,6,3,7",12.79219999560155,0.3049000079045072,1191.5227999998024,0.0779999973019585,2.362000013818033,8.0,quantum_simulator,,0.0,500.9722,500.9722,candidate_infeasible_after_refinement,8.0,78.0,1024.0,0.0029296875,0.7857142857142857,
quav_hybrid_v1,simple_alternatives,INS_B328DB971E69,BEST_CLASSICAL,1513.92447,False,900.837,1175.58,1429.35,16575.38,22.057,0.0,1513.92447,0.0,1.2432999938027933,0.9422000002814457,CST_48011250D4FB,42,False,False,classical_incumbent,,,,,,,,,,,,,,,,,,,,,
quav_hybrid_v1,simple_alternatives,INS_B328DB971E69,HYBRID-1,1513.92447,False,900.837,1175.58,1429.35,16575.38,22.057,0.0,1513.92447,0.0,2026.3165999931516,0.8919999963836744,CST_48011250D4FB,42,True,False,classical_incumbent,HYBRID-1,route_0_over_capacity;route_0_node_6_late;route_0_node_2_late;route_0_node_1_late;route_0_node_3_late;route_0_node_7_late;route_0_node_8_late,"0,4,9,5,6,2,1,3,7,8",3.7111999990884215,0.15269999857991934,2020.4681000031997,0.04959999932907522,0.7067999977152795,12.0,quantum_simulator,,0.0,1513.92447,1513.92447,candidate_infeasible_after_refinement,12.0,78.0,1024.0,0.001953125,0.45454545454545453,
quav_hybrid_v1,simple_alternatives,INS_B328DB971E69,HYBRID-2,1513.92447,False,900.837,1175.58,1429.35,16575.38,22.057,0.0,1513.92447,0.0,2590.771199989831,0.9259999933419749,CST_48011250D4FB,42,True,False,classical_incumbent,HYBRID-2,route_0_over_capacity;route_0_node_6_late;route_0_node_2_late;route_0_node_1_late;route_0_node_3_late;route_0_node_7_late;route_0_node_8_late,"0,4,9,5,6,2,1,3,7,8",8.377899997867644,0.32900000223889947,2579.5237999991514,0.05639999289996922,1.119199994718656,12.0,quantum_simulator,,0.0,1513.92447,1513.92447,candidate_infeasible_after_refinement,12.0,78.0,1024.0,0.0009765625,0.45454545454545453,
quav_hybrid_v1,simple_alternatives,INS_0E155FAAD67A,BEST_CLASSICAL,252.0225714285714,False,134.529,175.47,49.05,2475.34,32.164,0.0,252.0225714285714,0.0,0.3728000010596588,0.2229999954579398,CST_48011250D4FB,42,False,False,classical_incumbent,,,,,,,,,,,,,,,,,,,,,
quav_hybrid_v1,simple_alternatives,INS_0E155FAAD67A,HYBRID-1,252.0225714285714,False,134.529,175.47,49.05,2475.34,32.164,0.0,252.0225714285714,0.0,1.1660000018309802,0.152900000102818,CST_48011250D4FB,42,False,False,classical_incumbent,HYBRID-1,route_0_node_2_late,"0,1,6,5,4,3,2",0.8904999995138496,0.0,0.0,0.0,0.0,,none,,0.0,252.0225714285714,,,,,,,,"classical choice is confident (closest alternative is 10.9% worse, threshold 5%)"
quav_hybrid_v1,simple_alternatives,INS_0E155FAAD67A,HYBRID-2,252.0225714285714,False,134.529,175.47,49.05,2475.34,32.164,0.0,252.0225714285714,0.0,1.2883000017609447,0.1537000061944127,CST_48011250D4FB,42,False,False,classical_incumbent,HYBRID-2,route_0_node_2_late,"0,1,6,5,4,3,2",0.9973999985959381,0.0,0.0,0.0,0.0,,none,,0.0,252.0225714285714,,,,,,,,"classical choice is confident (closest alternative is 10.9% worse, threshold 5%)"
quav_hybrid_v1,simple_alternatives,INS_A3D8148A06C4,BEST_CLASSICAL,1146.0093,False,625.392,815.87,454.2,11507.2,131.128,0.0,1146.0093,0.0,0.8499999967170879,0.6792000058339909,CST_48011250D4FB,42,False,False,classical_incumbent,,,,,,,,,,,,,,,,,,,,,
quav_hybrid_v1,simple_alternatives,INS_A3D8148A06C4,HYBRID-1,1146.0093,False,625.392,815.87,454.2,11507.2,131.128,0.0,1146.0093,0.0,1973.923699988518,0.6331999902613461,CST_48011250D4FB,42,True,False,classical_incumbent,HYBRID-1,route_0_over_capacity;route_0_node_7_late;route_0_node_2_late;route_0_node_10_late;route_0_node_9_late;route_0_node_8_late,"0,4,11,7,3,2,6,10,5,1,9,8",15.216600004350767,0.16090000281110406,1957.6387999986764,0.0011999945854768157,0.0,12.0,quantum_simulator,,0.0,1146.0093,,no_feasible_quantum_sample,12.0,78.0,1024.0,0.0,0.42424242424242425,
quav_hybrid_v1,simple_alternatives,INS_A3D8148A06C4,HYBRID-2,1146.0093,False,625.392,815.87,454.2,11507.2,131.128,0.0,1146.0093,0.0,2078.2733999949414,1.6312999941874295,CST_48011250D4FB,42,True,False,classical_incumbent,HYBRID-2,route_0_over_capacity;route_0_node_7_late;route_0_node_2_late;route_0_node_10_late;route_0_node_9_late;route_0_node_8_late,"0,4,11,7,3,2,6,10,5,1,9,8",35.879300005035475,0.5267000087769702,2036.9617999967886,0.0526000076206401,2.522000009776093,12.0,quantum_simulator,,0.0,1146.0093,1146.0093,candidate_infeasible_after_refinement,12.0,78.0,1024.0,0.0009765625,0.42424242424242425,
quav_hybrid_v1,simple_alternatives,INS_C37F6A577DD3,BEST_CLASSICAL,118.45469999999999,False,69.064,91.92,8.24,1270.8,1.626,0.0,118.45469999999999,0.0,0.6164999940665439,0.30759999935980886,CST_48011250D4FB,42,False,False,classical_incumbent,,,,,,,,,,,,,,,,,,,,,
quav_hybrid_v1,simple_alternatives,INS_C37F6A577DD3,HYBRID-1,118.45469999999999,False,69.064,91.92,8.24,1270.8,1.626,0.0,118.45469999999999,0.0,2030.328599998029,0.2142000012099743,CST_48011250D4FB,42,True,False,classical_incumbent,HYBRID-1,route_0_over_capacity,"0,6,5,3,7,2,4,1,8,9",3.0076999973971397,0.14400000509340316,2026.7480000038631,0.001200009137392044,0.0,12.0,quantum_simulator,,0.0,118.45469999999999,,no_feasible_quantum_sample,12.0,78.0,1024.0,0.0,0.45454545454545453,
quav_hybrid_v1,simple_alternatives,INS_C37F6A577DD3,HYBRID-2,118.45469999999999,False,69.064,91.92,8.24,1270.8,1.626,0.0,118.45469999999999,0.0,2370.314600004349,0.5949000042164698,CST_48011250D4FB,42,True,False,classical_incumbent,HYBRID-2,route_0_over_capacity,"0,6,5,3,7,2,4,1,8,9",8.179199998266995,0.27480001153890043,2360.394200004521,0.0009999930625781417,0.0,12.0,quantum_simulator,,0.0,118.45469999999999,,no_feasible_quantum_sample,12.0,78.0,1024.0,0.0,0.45454545454545453,
quav_hybrid_v1,multi_stop,INS_25D0DC054C1A,BEST_CLASSICAL,2797.3877235294117,False,1684.862,2197.82,1969.25,31001.48,12.708,0.0,2797.3877235294117,0.0,3.396699990844354,3.220900005544536,CST_48011250D4FB,42,False,False,classical_incumbent,,,,,,,,,,,,,,,,,,,,,
quav_hybrid_v1,multi_stop,INS_25D0DC054C1A,HYBRID-1,2797.3877235294117,False,1684.862,2197.82,1969.25,31001.48,12.708,0.0,2797.3877235294117,0.0,3415.811999992002,3.0390000029001385,CST_48011250D4FB,42,True,False,classical_incumbent,HYBRID-1,route_0_over_capacity;route_0_node_7_late;route_0_node_4_late;route_0_node_6_late;route_0_node_2_late;route_0_node_11_late;route_0_node_1_late;route_0_node_5_late,"0,12,13,9,7,8,14,15,10,4,3,6,2,16,11,1,5",1.865299986093305,0.1531000016257167,3410.529500004486,0.0004999892553314567,0.0,18.0,quantum_simulator,,0.0,2797.3877235294117,,no_feasible_quantum_sample,18.0,66.0,1024.0,0.0,0.19607843137254902,
quav_hybrid_v1,multi_stop,INS_25D0DC054C1A,HYBRID-2,2797.3877235294117,False,1684.862,2197.82,1969.25,31001.48,12.708,0.0,2797.3877235294117,0.0,3516.0670000041137,2.7181000041309744,CST_48011250D4FB,42,True,False,classical_incumbent,HYBRID-2,route_0_over_capacity;route_0_node_7_late;route_0_node_4_late;route_0_node_6_late;route_0_node_2_late;route_0_node_11_late;route_0_node_1_late;route_0_node_5_late,"0,12,13,9,7,8,14,15,10,4,3,6,2,16,11,1,5",1.600000003236346,0.1444000081392005,3511.3458999985596,0.000400003045797348,0.0,18.0,quantum_simulator,,0.0,2797.3877235294117,,no_feasible_quantum_sample,18.0,66.0,1024.0,0.0,0.19607843137254902,
quav_hybrid_v1,multi_stop,INS_55499C1EC9DD,BEST_CLASSICAL,3831.561939999999,False,2303.287,3014.44,3014.69,42380.46,19.304,0.0,3831.561939999999,0.0,1.9467999954940751,1.7035999917425215,CST_48011250D4FB,42,False,False,classical_incumbent,,,,,,,,,,,,,,,,,,,,,
quav_hybrid_v1,multi_stop,INS_55499C1EC9DD,HYBRID-1,3831.561939999999,False,2303.287,3014.44,3014.69,42380.46,19.304,0.0,3831.561939999999,0.0,3128.7768999900436,3.410400007851422,CST_48011250D4FB,42,True,False,classical_incumbent,HYBRID-1,route_0_over_capacity;route_0_node_10_late;route_0_node_8_late;route_0_node_11_late;route_0_node_4_late;route_0_node_14_late;route_0_node_9_late;route_0_node_13_late;route_0_node_5_late;route_0_node_3_late;route_0_node_12_late,"0,2,7,10,8,6,1,11,4,14,9,13,5,3,12",5.141699992236681,0.17040000238921493,3119.6526999992784,0.000500003807246685,0.0,17.0,quantum_simulator,,0.0,3831.561939999999,,no_feasible_quantum_sample,17.0,90.0,1024.0,0.0,0.3014705882352941,
quav_hybrid_v1,multi_stop,INS_55499C1EC9DD,HYBRID-2,3831.561939999999,False,2303.287,3014.44,3014.69,42380.46,19.304,0.0,3831.561939999999,0.0,3247.735400000238,1.3998999929754063,CST_48011250D4FB,42,True,False,classical_incumbent,HYBRID-2,route_0_over_capacity;route_0_node_10_late;route_0_node_8_late;route_0_node_11_late;route_0_node_4_late;route_0_node_14_late;route_0_node_9_late;route_0_node_13_late;route_0_node_5_late;route_0_node_3_late;route_0_node_12_late,"0,2,7,10,8,6,1,11,4,14,9,13,5,3,12",4.747300001326948,0.1647000026423484,3241.161199999624,0.000400003045797348,0.0,17.0,quantum_simulator,,0.0,3831.561939999999,,no_feasible_quantum_sample,17.0,90.0,1024.0,0.0,0.3014705882352941,
quav_hybrid_v1,multi_stop,INS_525F22536A7A,BEST_CLASSICAL,2291.4559400000003,False,1371.398,1789.41,1271.06,25233.72,29.824,0.0,2291.4559400000003,0.0,1.8492999952286482,1.6562999953748658,CST_48011250D4FB,42,False,False,classical_incumbent,,,,,,,,,,,,,,,,,,,,,
quav_hybrid_v1,multi_stop,INS_525F22536A7A,HYBRID-1,2291.4559400000003,False,1371.398,1789.41,1271.06,25233.72,29.824,0.0,2291.4559400000003,0.0,2986.295599999721,1.6100999928312376,CST_48011250D4FB,42,True,False,classical_incumbent,HYBRID-1,route_0_over_capacity;route_0_node_6_late;route_0_node_5_late;route_0_node_11_late;route_0_node_10_late;route_0_node_9_late;route_0_node_14_late,"0,13,1,8,3,12,4,6,5,7,11,2,10,9,14",5.2869000064674765,0.18140001338906586,2978.9908999955514,0.0009999930625781417,0.0,17.0,quantum_simulator,,0.0,2291.4559400000003,,no_feasible_quantum_sample,17.0,78.0,1024.0,0.0,0.2867647058823529,
quav_hybrid_v1,multi_stop,INS_525F22536A7A,HYBRID-2,2291.4559400000003,False,1371.398,1789.41,1271.06,25233.72,29.824,0.0,2291.4559400000003,0.0,3049.9522000027355,1.556000002892688,CST_48011250D4FB,42,True,False,classical_incumbent,HYBRID-2,route_0_over_capacity;route_0_node_6_late;route_0_node_5_late;route_0_node_11_late;route_0_node_10_late;route_0_node_9_late;route_0_node_14_late,"0,13,1,8,3,12,4,6,5,7,11,2,10,9,14",4.997199997887947,0.17469999147579074,3042.8404999984195,0.000400003045797348,0.0,17.0,quantum_simulator,,0.0,2291.4559400000003,,no_feasible_quantum_sample,17.0,78.0,1024.0,0.0,0.2867647058823529,
quav_hybrid_v1,multi_stop,INS_08928C1C8C2B,BEST_CLASSICAL,5110.378757142857,False,3075.691,4011.82,4525.14,56592.71,18.9,0.0,5110.378757142857,0.0,6.190800006152131,5.107699995278381,CST_48011250D4FB,42,False,False,classical_incumbent,,,,,,,,,,,,,,,,,,,,,
quav_hybrid_v1,multi_stop,INS_08928C1C8C2B,HYBRID-1,5110.378757142857,False,3075.691,4011.82,4525.14,56592.71,18.9,0.0,5110.378757142857,0.0,4842.28469998925,9.846399989328347,CST_48011250D4FB,42,True,False,classical_incumbent,HYBRID-1,route_0_over_capacity;route_0_node_5_late;route_0_node_13_late;route_0_node_19_late;route_0_node_8_late;route_0_node_4_late;route_0_node_10_late;route_0_node_18_late;route_0_node_1_late;route_0_node_14_late;route_0_node_20_late;route_0_node_11_late;route_0_node_16_late;route_0_node_7_late;route_0_node_2_late;route_0_node_9_late;route_0_node_12_late,"0,6,15,17,3,5,13,19,8,4,10,18,1,14,20,11,16,7,2,9,12",15.68500000576023,0.17430000298190862,4816.145400007372,0.000500003807246685,0.0,19.0,quantum_simulator,,0.0,5110.378757142857,,no_feasible_quantum_sample,19.0,66.0,1024.0,0.0,0.19298245614035087,
quav_hybrid_v1,multi_stop,INS_08928C1C8C2B,HYBRID-2,5110.378757142857,False,3075.691,4011.82,4525.14,56592.71,18.9,0.0,5110.378757142857,0.0,3545.622000005096,3.797599987592548,CST_48011250D4FB,42,True,False,classical_incumbent,HYBRID-2,route_0_over_capacity;route_0_node_5_late;route_0_node_13_late;route_0_node_19_late;route_0_node_8_late;route_0_node_4_late;route_0_node_10_late;route_0_node_18_late;route_0_node_1_late;route_0_node_14_late;route_0_node_20_late;route_0_node_11_late;route_0_node_16_late;route_0_node_7_late;route_0_node_2_late;route_0_node_9_late;route_0_node_12_late,"0,6,15,17,3,5,13,19,8,4,10,18,1,14,20,11,16,7,2,9,12",12.617200001841411,0.20789999689441174,3528.6767999932636,0.000400003045797348,0.0,19.0,quantum_simulator,,0.0,5110.378757142857,,no_feasible_quantum_sample,19.0,66.0,1024.0,0.0,0.19298245614035087,
quav_hybrid_v1,multi_stop,INS_B4661A7B9AF5,BEST_CLASSICAL,2309.0958346153843,False,1277.855,1667.03,1196.75,23512.52,231.077,0.0,2309.0958346153843,0.0,1.3522000081138685,1.196099998196587,CST_48011250D4FB,42,False,False,classical_incumbent,,,,,,,,,,,,,,,,,,,,,
quav_hybrid_v1,multi_stop,INS_B4661A7B9AF5,HYBRID-1,2309.0958346153843,False,1277.855,1667.03,1196.75,23512.52,231.077,0.0,2309.0958346153843,0.0,2.7609999960986897,1.1412000021664426,CST_48011250D4FB,42,False,False,classical_incumbent,HYBRID-1,route_0_over_capacity;route_0_node_2_late;route_0_node_5_late;route_0_node_7_late;route_0_node_11_late;route_0_node_12_late;route_0_node_8_late;route_0_node_10_late;route_0_node_3_late;route_0_node_1_late,"0,4,9,6,2,5,7,11,12,8,10,3,1",1.4430000010179356,0.0,0.0,0.0,0.0,,none,,0.0,2309.0958346153843,,,,,,,,"classical choice is confident (closest alternative is 8.6% worse, threshold 5%)"
quav_hybrid_v1,multi_stop,INS_B4661A7B9AF5,HYBRID-2,2309.0958346153843,False,1277.855,1667.03,1196.75,23512.52,231.077,0.0,2309.0958346153843,0.0,2.7769000007538125,1.166599991847761,CST_48011250D4FB,42,False,False,classical_incumbent,HYBRID-2,route_0_over_capacity;route_0_node_2_late;route_0_node_5_late;route_0_node_7_late;route_0_node_11_late;route_0_node_12_late;route_0_node_8_late;route_0_node_10_late;route_0_node_3_late;route_0_node_1_late,"0,4,9,6,2,5,7,11,12,8,10,3,1",1.371799997286871,0.0,0.0,0.0,0.0,,none,,0.0,2309.0958346153843,,,,,,,,"classical choice is confident (closest alternative is 8.6% worse, threshold 5%)"
quav_hybrid_v1,multi_stop,INS_5659AC9F3665,BEST_CLASSICAL,2094.964907142857,False,1166.535,1522.07,1040.64,21464.25,196.301,0.0,2094.964907142857,0.0,1.7131000058725476,1.436699996702373,CST_48011250D4FB,42,False,False,classical_incumbent,,,,,,,,,,,,,,,,,,,,,
quav_hybrid_v1,multi_stop,INS_5659AC9F3665,HYBRID-1,2094.964907142857,False,1166.535,1522.07,1040.64,21464.25,196.301,0.0,2094.964907142857,0.0,2672.694299995783,1.4057999942451715,CST_48011250D4FB,42,True,False,classical_incumbent,HYBRID-1,route_0_over_capacity,"0,13,7,10,6,1,4,12,8,5,9,11,3,2",4.195500005153008,0.1640999980736524,2664.9586999992607,0.026300011086277664,1.671100006205961,16.0,quantum_simulator,,0.0,2094.964907142857,1901.285042857143,candidate_infeasible_after_refinement,16.0,72.0,1024.0,0.0009765625,0.275,
quav_hybrid_v1,multi_stop,INS_5659AC9F3665,HYBRID-2,2094.964907142857,False,1166.535,1522.07,1040.64,21464.25,196.301,0.0,2094.964907142857,0.0,2521.0456999921007,1.1226999922655523,CST_48011250D4FB,42,True,False,classical_incumbent,HYBRID-2,route_0_over_capacity,"0,13,7,10,6,1,4,12,8,5,9,11,3,2",3.615399997215718,0.1390999968862161,2515.967899991665,0.0008999923011288047,0.0,16.0,quantum_simulator,,0.0,2094.964907142857,,no_feasible_quantum_sample,16.0,72.0,1024.0,0.0,0.275,
quav_hybrid_v1,circular_vrp,INS_ED35C6724C6E,BEST_CLASSICAL,1367.8986454545452,False,686.96,896.42,647.2,12640.06,270.818,0.0,1367.8986454545452,0.0,0.7012999994913116,0.5432000034488738,CST_48011250D4FB,42,False,False,classical_incumbent,,,,,,,,,,,,,,,,,,,,,
quav_hybrid_v1,circular_vrp,INS_ED35C6724C6E,HYBRID-1,1367.8986454545452,False,686.96,896.42,647.2,12640.06,270.818,0.0,1367.8986454545452,0.0,7.038000010652468,0.49840001156553626,CST_48011250D4FB,42,False,False,classical_incumbent,HYBRID-1,route_0_over_capacity;route_0_node_7_late;route_0_node_1_late;route_0_node_4_late;route_0_node_9_late;route_0_node_5_late;route_0_node_2_late,"0,6,7,8,1,4,3,9,10,5,2",6.397800010745414,0.0,0.0,0.0,0.0,,none,,0.0,1367.8986454545452,,,,,,,,"classical choice is confident (closest alternative is 6.3% worse, threshold 5%)"
quav_hybrid_v1,circular_vrp,INS_ED35C6724C6E,HYBRID-2,1367.8986454545452,False,686.96,896.42,647.2,12640.06,270.818,0.0,1367.8986454545452,0.0,5.650999999488704,0.47369999811053276,CST_48011250D4FB,42,False,False,classical_incumbent,HYBRID-2,route_0_over_capacity;route_0_node_7_late;route_0_node_1_late;route_0_node_4_late;route_0_node_9_late;route_0_node_5_late;route_0_node_2_late,"0,6,7,8,1,4,3,9,10,5,2",5.033399997046217,0.0,0.0,0.0,0.0,,none,,0.0,1367.8986454545452,,,,,,,,"classical choice is confident (closest alternative is 6.3% worse, threshold 5%)"
quav_hybrid_v1,circular_vrp,INS_73C4CC2A8E92,BEST_CLASSICAL,1879.5700499999998,False,1124.884,1467.26,1158.82,20697.87,23.163,0.0,1879.5700499999998,0.0,0.8383999957004562,0.6800000119255856,CST_48011250D4FB,42,False,False,classical_incumbent,,,,,,,,,,,,,,,,,,,,,
quav_hybrid_v1,circular_vrp,INS_73C4CC2A8E92,HYBRID-1,1879.5700499999998,False,1124.884,1467.26,1158.82,20697.87,23.163,0.0,1879.5700499999998,0.0,1827.9869000107283,0.6721000099787489,CST_48011250D4FB,42,True,False,classical_incumbent,HYBRID-1,route_0_over_capacity;route_0_node_3_late;route_0_node_7_late;route_0_node_6_late;route_0_node_9_late;route_0_node_4_late;route_0_node_1_late,"0,2,5,10,3,8,7,6,9,4,1",4.97890000406187,0.12460000289138407,1821.0531999939121,0.05490001058205962,0.8604000031482428,12.0,quantum_simulator,,0.0,1879.5700499999998,1879.5700499999998,candidate_infeasible_after_refinement,12.0,78.0,1024.0,0.005859375,0.4393939393939394,
quav_hybrid_v1,circular_vrp,INS_73C4CC2A8E92,HYBRID-2,1879.5700499999998,False,1124.884,1467.26,1158.82,20697.87,23.163,0.0,1879.5700499999998,0.0,1938.7010999926133,2.056600002106279,CST_48011250D4FB,42,True,False,classical_incumbent,HYBRID-2,route_0_over_capacity;route_0_node_3_late;route_0_node_7_late;route_0_node_6_late;route_0_node_9_late;route_0_node_4_late;route_0_node_1_late,"0,2,5,10,3,8,7,6,9,4,1",14.951499993912876,0.33819999953266233,1919.942099993932,0.041799998143687844,0.8918999956222251,12.0,quantum_simulator,,0.0,1879.5700499999998,1879.5700499999998,candidate_infeasible_after_refinement,12.0,78.0,1024.0,0.009765625,0.4393939393939394,
quav_hybrid_v1,circular_vrp,INS_73FAFE36B9B7,BEST_CLASSICAL,3040.3550499999997,False,1827.47,2383.71,2199.47,33625.45,18.299,0.0,3040.3550499999997,0.0,0.658099990687333,0.5225000058999285,CST_48011250D4FB,42,False,False,classical_incumbent,,,,,,,,,,,,,,,,,,,,,
quav_hybrid_v1,circular_vrp,INS_73FAFE36B9B7,HYBRID-1,3040.3550499999997,False,1827.47,2383.71,2199.47,33625.45,18.299,0.0,3040.3550499999997,0.0,3.453500001342036,0.6667999987257645,CST_48011250D4FB,42,False,False,classical_incumbent,HYBRID-1,route_0_over_capacity;route_0_node_3_late;route_0_node_5_late;route_0_node_6_late,"0,2,7,9,8,4,3,1,5,6",2.6587999891489744,0.0,0.0,0.0,0.0,,none,,0.0,3040.3550499999997,,,,,,,,"classical choice is confident (closest alternative is 5.2% worse, threshold 5%)"
quav_hybrid_v1,circular_vrp,INS_73FAFE36B9B7,HYBRID-2,3040.3550499999997,False,1827.47,2383.71,2199.47,33625.45,18.299,0.0,3040.3550499999997,0.0,3.5725000052480027,0.41900000360328704,CST_48011250D4FB,42,False,False,classical_incumbent,HYBRID-2,route_0_over_capacity;route_0_node_3_late;route_0_node_5_late;route_0_node_6_late,"0,2,7,9,8,4,3,1,5,6",3.045899997232482,0.0,0.0,0.0,0.0,,none,,0.0,3040.3550499999997,,,,,,,,"classical choice is confident (closest alternative is 5.2% worse, threshold 5%)"
quav_hybrid_v1,circular_vrp,INS_A2973E77E071,BEST_CLASSICAL,686.1913166666667,False,400.927,524.11,318.54,7377.08,24.467,0.0,686.1913166666667,0.0,0.38440000207629055,0.26640000578481704,CST_48011250D4FB,42,False,False,classical_incumbent,,,,,,,,,,,,,,,,,,,,,
quav_hybrid_v1,circular_vrp,INS_A2973E77E071,HYBRID-1,686.1913166666667,False,400.927,524.11,318.54,7377.08,24.467,0.0,686.1913166666667,0.0,2249.6581000013975,0.22929999977350235,CST_48011250D4FB,42,True,False,classical_incumbent,HYBRID-1,route_0_over_capacity;route_0_node_1_late;route_0_node_4_late,"0,5,7,8,3,1,2,4,6",0.6838000117568299,0.11229999654460698,2247.8045000025304,0.048999994760379195,0.6094999989727512,12.0,quantum_simulator,,0.0,686.1913166666667,686.1913166666667,candidate_infeasible_after_refinement,12.0,102.0,1024.0,0.0009765625,0.4696969696969697,
quav_hybrid_v1,circular_vrp,INS_A2973E77E071,HYBRID-2,686.1913166666667,False,400.927,524.11,318.54,7377.08,24.467,0.0,686.1913166666667,0.0,2144.8839000076987,0.7410000107483938,CST_48011250D4FB,42,True,False,classical_incumbent,HYBRID-2,route_0_over_capacity;route_0_node_1_late;route_0_node_4_late,"0,5,7,8,3,1,2,4,6",2.0921999966958538,0.3031000087503344,2140.704300007201,0.04919999628327787,0.582600012421608,12.0,quantum_simulator,,0.0,686.1913166666667,686.1913166666667,candidate_infeasible_after_refinement,12.0,102.0,1024.0,0.0029296875,0.4696969696969697,
quav_hybrid_v1,circular_vrp,INS_1DE6A32B0E33,BEST_CLASSICAL,5353.370049999999,False,3205.646,4183.51,4787.9,58983.86,49.613,0.0,5353.370049999999,0.0,1.9941999926231802,1.8311999883735552,CST_48011250D4FB,42,False,False,classical_incumbent,,,,,,,,,,,,,,,,,,,,,
quav_hybrid_v1,circular_vrp,INS_1DE6A32B0E33,HYBRID-1,5353.370049999999,False,3205.646,4183.51,4787.9,58983.86,49.613,0.0,5353.370049999999,0.0,3049.087400009739,1.6680999979143962,CST_48011250D4FB,42,True,False,classical_incumbent,HYBRID-1,route_0_over_capacity;route_0_node_15_late;route_0_node_3_late;route_0_node_11_late;route_0_node_14_late;route_0_node_6_late;route_0_node_2_late;route_0_node_7_late;route_0_node_9_late;route_0_node_4_late;route_0_node_5_late;route_0_node_10_late;route_0_node_12_late;route_0_node_8_late,"0,13,15,3,1,11,14,6,2,7,9,4,5,10,12,8",7.584000006318092,0.13899999612476677,3039.5057999994606,0.000500003807246685,0.0,16.0,quantum_simulator,,0.0,5353.370049999999,,no_feasible_quantum_sample,16.0,78.0,1024.0,0.0,0.275,
quav_hybrid_v1,circular_vrp,INS_1DE6A32B0E33,HYBRID-2,5353.370049999999,False,3205.646,4183.51,4787.9,58983.86,49.613,0.0,5353.370049999999,0.0,2869.3091000022832,1.6897000023163855,CST_48011250D4FB,42,True,False,classical_incumbent,HYBRID-2,route_0_over_capacity;route_0_node_15_late;route_0_node_3_late;route_0_node_11_late;route_0_node_14_late;route_0_node_6_late;route_0_node_2_late;route_0_node_7_late;route_0_node_9_late;route_0_node_4_late;route_0_node_5_late;route_0_node_10_late;route_0_node_12_late;route_0_node_8_late,"0,13,15,3,1,11,14,6,2,7,9,4,5,10,12,8",8.891500008758157,0.17610000213608146,2858.2963999942876,0.0005999900167807937,0.0,16.0,quantum_simulator,,0.0,5353.370049999999,,no_feasible_quantum_sample,16.0,78.0,1024.0,0.0,0.275,
quav_hybrid_v1,circular_vrp,INS_F0961953030F,BEST_CLASSICAL,1048.1451571428572,False,620.778,809.74,494.79,11422.31,25.518,0.0,1048.1451571428572,0.0,1.673599996138364,1.5070999943418428,CST_48011250D4FB,42,False,False,classical_incumbent,,,,,,,,,,,,,,,,,,,,,
quav_hybrid_v1,circular_vrp,INS_F0961953030F,HYBRID-1,1048.1451571428572,False,620.778,809.74,494.79,11422.31,25.518,0.0,1048.1451571428572,0.0,3100.8026999916183,1.4207000058377162,CST_48011250D4FB,42,True,False,classical_incumbent,HYBRID-1,route_0_over_capacity;route_0_node_11_late;route_0_node_13_late;route_0_node_9_late;route_0_node_6_late;route_0_node_7_late;route_0_node_4_late;route_0_node_5_late,"0,10,11,12,13,8,2,3,1,9,6,7,4,5",4.286600000341423,0.15770000754855573,3094.7180000075605,0.000500003807246685,0.0,16.0,quantum_simulator,,0.0,1048.1451571428572,,no_feasible_quantum_sample,16.0,72.0,1024.0,0.0,0.275,
quav_hybrid_v1,circular_vrp,INS_F0961953030F,HYBRID-2,1048.1451571428572,False,620.778,809.74,494.79,11422.31,25.518,0.0,1048.1451571428572,0.0,3033.1411000079243,1.9917000026907772,CST_48011250D4FB,42,True,False,classical_incumbent,HYBRID-2,route_0_over_capacity;route_0_node_11_late;route_0_node_13_late;route_0_node_9_late;route_0_node_6_late;route_0_node_7_late;route_0_node_4_late;route_0_node_5_late,"0,10,11,12,13,8,2,3,1,9,6,7,4,5",3.6800999951083213,0.1562000106787309,3027.044999995269,0.000900006853044033,0.0,16.0,quantum_simulator,,0.0,1048.1451571428572,,no_feasible_quantum_sample,16.0,72.0,1024.0,0.0,0.275,
quav_hybrid_v1,time_windowed,INS_EFBF97638451,BEST_CLASSICAL,4268.2272,False,2567.276,3348.78,3797.43,47237.86,17.582,0.0,4268.2272,0.0,0.5510000046342611,0.39539999852422625,CST_48011250D4FB,42,False,False,classical_incumbent,,,,,,,,,,,,,,,,,,,,,
quav_hybrid_v1,time_windowed,INS_EFBF97638451,HYBRID-1,4268.2272,False,2567.276,3348.78,3797.43,47237.86,17.582,0.0,4268.2272,0.0,2069.0331000078004,0.3406000032555312,CST_48011250D4FB,42,True,False,classical_incumbent,HYBRID-1,route_0_over_capacity;route_0_node_7_late;route_0_node_10_late;route_0_node_1_late;route_0_node_9_late;route_0_node_8_late;route_0_node_6_late;route_0_node_3_late,"0,5,2,11,4,7,10,1,9,8,6,3",11.450300007709302,0.13519999629352242,2054.8119000013685,0.05610000516753644,2.0293999987188727,12.0,quantum_simulator,,0.0,4268.2272,4268.2272,candidate_infeasible_after_refinement,12.0,78.0,1024.0,0.00390625,0.42424242424242425,
quav_hybrid_v1,time_windowed,INS_EFBF97638451,HYBRID-2,4268.2272,False,2567.276,3348.78,3797.43,47237.86,17.582,0.0,4268.2272,0.0,1946.1567999969702,0.9908000065479428,CST_48011250D4FB,42,True,False,classical_incumbent,HYBRID-2,route_0_over_capacity;route_0_node_7_late;route_0_node_10_late;route_0_node_1_late;route_0_node_9_late;route_0_node_8_late;route_0_node_6_late;route_0_node_3_late,"0,5,2,11,4,7,10,1,9,8,6,3",35.13299999758601,0.3893999964930117,1907.5487999944016,0.042499988921917975,1.5749000012874603,12.0,quantum_simulator,,0.0,4268.2272,4268.2272,candidate_infeasible_after_refinement,12.0,78.0,1024.0,0.00390625,0.42424242424242425,
quav_hybrid_v1,time_windowed,INS_164CD5F5A0AD,BEST_CLASSICAL,2779.0019333333335,False,1663.642,2172.36,2218.26,30611.02,26.94,0.0,2779.0019333333335,0.0,0.6263999966904521,0.46779999684076756,CST_48011250D4FB,42,False,False,classical_incumbent,,,,,,,,,,,,,,,,,,,,,
quav_hybrid_v1,time_windowed,INS_164CD5F5A0AD,HYBRID-1,2779.0019333333335,False,1663.642,2172.36,2218.26,30611.02,26.94,0.0,2779.0019333333335,0.0,1.4100999978836626,0.38300000596791506,CST_48011250D4FB,42,False,False,classical_incumbent,HYBRID-1,route_0_over_capacity;route_0_node_3_late;route_0_node_8_late;route_0_node_4_late;route_0_node_2_late;route_0_node_5_late,"0,7,6,3,8,1,4,2,5",0.8903999987524003,0.0,0.0,0.0,0.0,,none,,0.0,2779.0019333333335,,,,,,,,"classical choice is confident (closest alternative is 35.0% worse, threshold 5%)"
quav_hybrid_v1,time_windowed,INS_164CD5F5A0AD,HYBRID-2,2779.0019333333335,False,1663.642,2172.36,2218.26,30611.02,26.94,0.0,2779.0019333333335,0.0,1.3336999982129782,0.39539999852422625,CST_48011250D4FB,42,False,False,classical_incumbent,HYBRID-2,route_0_over_capacity;route_0_node_3_late;route_0_node_8_late;route_0_node_4_late;route_0_node_2_late;route_0_node_5_late,"0,7,6,3,8,1,4,2,5",0.8013000042410567,0.0,0.0,0.0,0.0,,none,,0.0,2779.0019333333335,,,,,,,,"classical choice is confident (closest alternative is 35.0% worse, threshold 5%)"
quav_hybrid_v1,time_windowed,INS_8929546B2EAE,BEST_CLASSICAL,2123.38767,False,1275.594,1664.94,1187.47,23470.91,17.259,0.0,2123.38767,0.0,1.5457999979844317,1.3987999991513789,CST_48011250D4FB,42,False,False,classical_incumbent,,,,,,,,,,,,,,,,,,,,,
quav_hybrid_v1,time_windowed,INS_8929546B2EAE,HYBRID-1,2123.38767,False,1275.594,1664.94,1187.47,23470.91,17.259,0.0,2123.38767,0.0,2490.4838999937056,1.4558000111719593,CST_48011250D4FB,42,True,False,classical_incumbent,HYBRID-1,route_0_over_capacity;route_0_node_8_late;route_0_node_11_late;route_0_node_5_late;route_0_node_6_late;route_0_node_13_late;route_0_node_7_late;route_0_node_12_late;route_0_node_2_late;route_0_node_9_late;route_0_node_14_late,"0,3,1,4,8,11,5,10,6,13,7,12,2,9,14",5.377299996325746,0.14579998969566077,2483.303500004695,0.000400003045797348,0.0,16.0,quantum_simulator,,0.0,2123.38767,,no_feasible_quantum_sample,16.0,78.0,1024.0,0.0,0.2833333333333333,
quav_hybrid_v1,time_windowed,INS_8929546B2EAE,HYBRID-2,2123.38767,False,1275.594,1664.94,1187.47,23470.91,17.259,0.0,2123.38767,0.0,2546.509000007063,1.464699991629459,CST_48011250D4FB,42,True,False,classical_incumbent,HYBRID-2,route_0_over_capacity;route_0_node_8_late;route_0_node_11_late;route_0_node_5_late;route_0_node_6_late;route_0_node_13_late;route_0_node_7_late;route_0_node_12_late;route_0_node_2_late;route_0_node_9_late;route_0_node_14_late,"0,3,1,4,8,11,5,10,6,13,7,12,2,9,14",5.035399997723289,0.1525000116089359,2539.606400008779,0.000400003045797348,0.0,16.0,quantum_simulator,,0.0,2123.38767,,no_feasible_quantum_sample,16.0,78.0,1024.0,0.0,0.2833333333333333,
quav_hybrid_v1,time_windowed,INS_B4506D268A25,BEST_CLASSICAL,3585.6590181818183,False,2152.543,2807.84,3228.0,39606.8,21.5,0.0,3585.6590181818183,0.0,1.494500000262633,1.304099991102703,CST_48011250D4FB,42,False,False,classical_incumbent,,,,,,,,,,,,,,,,,,,,,
quav_hybrid_v1,time_windowed,INS_B4506D268A25,HYBRID-1,3585.6590181818183,False,2152.543,2807.84,3228.0,39606.8,21.5,0.0,3585.6590181818183,0.0,11.638299998594448,1.2680000072577968,CST_48011250D4FB,42,False,False,classical_incumbent,HYBRID-1,route_0_over_capacity;route_0_node_1_late;route_0_node_3_late;route_0_node_4_late;route_0_node_6_late;route_0_node_7_late,"0,8,9,2,5,10,1,3,4,6,7",10.166200008825399,0.0,0.0,0.0,0.0,,none,,0.0,3585.6590181818183,,,,,,,,"classical choice is confident (closest alternative is 9.1% worse, threshold 5%)"
quav_hybrid_v1,time_windowed,INS_B4506D268A25,HYBRID-2,3585.6590181818183,False,2152.543,2807.84,3228.0,39606.8,21.5,0.0,3585.6590181818183,0.0,5.377100009354763,0.6616000027861446,CST_48011250D4FB,42,False,False,classical_incumbent,HYBRID-2,route_0_over_capacity;route_0_node_1_late;route_0_node_3_late;route_0_node_4_late;route_0_node_6_late;route_0_node_7_late,"0,8,9,2,5,10,1,3,4,6,7",4.556400002911687,0.0,0.0,0.0,0.0,,none,,0.0,3585.6590181818183,,,,,,,,"classical choice is confident (closest alternative is 9.1% worse, threshold 5%)"
quav_hybrid_v1,time_windowed,INS_F65F16D1722B,BEST_CLASSICAL,4743.7132,False,2853.409,3721.86,4321.37,52502.7,18.9,0.0,4743.7132,0.0,1.0889999975915998,0.9418999979970977,CST_48011250D4FB,42,False,False,classical_incumbent,,,,,,,,,,,,,,,,,,,,,
quav_hybrid_v1,time_windowed,INS_F65F16D1722B,HYBRID-1,4743.7132,False,2853.409,3721.86,4321.37,52502.7,18.9,0.0,4743.7132,0.0,10.752999995020218,0.817699998151511,CST_48011250D4FB,42,False,False,classical_incumbent,HYBRID-1,route_0_over_capacity;route_0_node_5_late;route_0_node_9_late;route_0_node_3_late;route_0_node_8_late;route_0_node_2_late;route_0_node_11_late;route_0_node_10_late;route_0_node_7_late;route_0_node_6_late,"0,1,4,5,9,3,8,2,11,10,7,6",9.76460000674706,0.0,0.0,0.0,0.0,,none,,0.0,4743.7132,,,,,,,,"classical choice is confident (closest alternative is 20.2% worse, threshold 5%)"
quav_hybrid_v1,time_windowed,INS_F65F16D1722B,HYBRID-2,4743.7132,False,2853.409,3721.86,4321.37,52502.7,18.9,0.0,4743.7132,0.0,10.902699999860488,0.7029999978840351,CST_48011250D4FB,42,False,False,classical_incumbent,HYBRID-2,route_0_over_capacity;route_0_node_5_late;route_0_node_9_late;route_0_node_3_late;route_0_node_8_late;route_0_node_2_late;route_0_node_11_late;route_0_node_10_late;route_0_node_7_late;route_0_node_6_late,"0,1,4,5,9,3,8,2,11,10,7,6",10.06450000568293,0.0,0.0,0.0,0.0,,none,,0.0,4743.7132,,,,,,,,"classical choice is confident (closest alternative is 20.2% worse, threshold 5%)"
quav_hybrid_v1,time_windowed,INS_164C950581D4,BEST_CLASSICAL,272.0396,True,146.432,191.01,48.89,2694.34,32.164,0.0,272.0396,0.0,0.3867999912472442,0.23130000045057386,CST_48011250D4FB,42,False,False,classical_incumbent,,,,,,,,,,,,,,,,,,,,,
quav_hybrid_v1,time_windowed,INS_164C950581D4,HYBRID-1,272.0396,True,146.432,191.01,48.89,2694.34,32.164,0.0,272.0396,0.0,3.564300001016818,0.19380000594537705,CST_48011250D4FB,42,False,False,classical_incumbent,HYBRID-1,,"0,2,4,3,1,5",3.2092000037664548,0.0,0.0,0.0,0.0,,none,,0.0,272.0396,,,,,,,,"classical choice is confident (closest alternative is 14.8% worse, threshold 5%)"
quav_hybrid_v1,time_windowed,INS_164C950581D4,HYBRID-2,272.0396,True,146.432,191.01,48.89,2694.34,32.164,0.0,272.0396,0.0,3.612000000430271,0.24249999842140824,CST_48011250D4FB,42,False,False,classical_incumbent,HYBRID-2,,"0,2,4,3,1,5",3.2002000079955906,0.0,0.0,0.0,0.0,,none,,0.0,272.0396,,,,,,,,"classical choice is confident (closest alternative is 14.8% worse, threshold 5%)"
