problem_id,variant,classical_objective,quantum_objective,final_objective,exact_objective,selected_load_ids,n_selected,total_demand_kg,capacity_utilization,feasible,improvement,classical_ms,qubo_build_ms,quantum_ms,decode_ms,total_ms,n_qubo_vars,coupling_density,seed,q_quantum_invoked,q_quantum_contribution_used,q_quantum_artifact_source,q_quantum_artifact_ids,q_quantum_contribution_score,q_classical_incumbent_objective,q_quantum_candidate_objective,q_final_route_source,q_rejection_reason,q_n_qubits,q_circuit_depth,q_shots,q_feasible_sampling_rate,q_coupling_density,q_skip_reason,experiment,category,algorithm,n_options
CIRC_000_MND_3F94E23EB0A5,HYBRID-3,-342.9169840803646,-162.94387002791171,-342.9169840803646,-344.9493381818851,"REQ_A44EDC637760,REQ_3AF68950041F",2,1990.0,0.9623667252377677,True,0.0,0.03499999002087861,0.16160000814124942,2963.512999995146,0.02139998832717538,2963.8919999997597,12,1.0,42,True,False,quantum_simulator,,0.0,-342.9169840803646,-162.94387002791171,classical_incumbent,not_better_than_incumbent,12,132.0,1024.0,0.255859375,1.0,,quav_hybrid_v1,circular_return,HYBRID-3,6
CIRC_000_MND_3F94E23EB0A5,HYBRID-3-WARM,-342.9169840803646,-162.94387002791171,-342.9169840803646,-344.9493381818851,"REQ_A44EDC637760,REQ_3AF68950041F",2,1990.0,0.9623667252377677,True,0.0,0.04159999662078917,0.40520000038668513,3453.1715999910375,0.01789999078027904,3454.0370000031544,12,1.0,42,True,False,quantum_simulator,,0.0,-342.9169840803646,-162.94387002791171,classical_incumbent,not_better_than_incumbent,12,132.0,1024.0,0.1953125,1.0,,quav_hybrid_v1,circular_return,HYBRID-3-WARM,6
CIRC_000_MND_3F94E23EB0A5,QUBO_CLASSICAL,-342.9169840803646,-342.9169840803646,-342.9169840803646,-344.9493381818851,"REQ_A44EDC637760,REQ_3AF68950041F",2,1990.0,0.9623667252377677,True,0.0,0.03429999924264848,0.40439999429509044,71.04229999822564,0.01750000228639692,71.91670000611339,12,1.0,42,True,False,classical_qubo,,0.0,-342.9169840803646,-342.9169840803646,classical_incumbent,not_better_than_incumbent,12,,,,1.0,,quav_hybrid_v1,circular_return,QUBO_CLASSICAL,6
CIRC_001_MND_96A0566277F9,HYBRID-3,-2637.6451420335775,-2637.6451420335775,-2637.6451420335775,-2637.6451420335775,REQ_DB12DF250062,1,10470.0,0.8804373718757251,True,0.0,0.013500000932253897,0.1584999990882352,3208.6050999932922,0.013600001693703234,3208.9413999929093,12,1.0,42,True,False,quantum_simulator,,0.0,-2637.6451420335775,-2637.6451420335775,classical_incumbent,not_better_than_incumbent,12,132.0,1024.0,0.2060546875,1.0,,quav_hybrid_v1,circular_return,HYBRID-3,6
CIRC_001_MND_96A0566277F9,HYBRID-3-WARM,-2637.6451420335775,-2637.6451420335775,-2637.6451420335775,-2637.6451420335775,REQ_DB12DF250062,1,10470.0,0.8804373718757251,True,0.0,0.025500004994682968,0.3958999877795577,2928.704000005382,0.014599994756281376,2929.530400011572,12,1.0,42,True,False,quantum_simulator,,0.0,-2637.6451420335775,-2637.6451420335775,classical_incumbent,not_better_than_incumbent,12,132.0,1024.0,0.201171875,1.0,,quav_hybrid_v1,circular_return,HYBRID-3-WARM,6
CIRC_001_MND_96A0566277F9,QUBO_CLASSICAL,-2637.6451420335775,-2637.6451420335775,-2637.6451420335775,-2637.6451420335775,REQ_DB12DF250062,1,10470.0,0.8804373718757251,True,0.0,0.027799993404187262,0.3951999970013276,63.546899997163564,0.014700010069645941,64.38129999150988,12,1.0,42,True,False,classical_qubo,,0.0,-2637.6451420335775,-2637.6451420335775,classical_incumbent,not_better_than_incumbent,12,,,,1.0,,quav_hybrid_v1,circular_return,QUBO_CLASSICAL,6
CIRC_002_MND_4ADE384C6981,HYBRID-3,-2954.2267857467887,-2262.334333927,-2954.2267857467887,-2954.2267857467887,"REQ_44CBD75798B0,REQ_859E5B4399B4",2,11330.0,0.9922077559990023,True,0.0,0.0261999957729131,0.16429999959655106,3071.4213000028394,0.014800010831095278,3071.7872999957763,12,1.0,42,True,False,quantum_simulator,,0.0,-2954.2267857467887,-2262.334333927,classical_incumbent,not_better_than_incumbent,12,132.0,1024.0,0.1416015625,1.0,,quav_hybrid_v1,circular_return,HYBRID-3,6
CIRC_002_MND_4ADE384C6981,HYBRID-3-WARM,-2954.2267857467887,-2616.171193924599,-2954.2267857467887,-2954.2267857467887,"REQ_44CBD75798B0,REQ_859E5B4399B4",2,11330.0,0.9922077559990023,True,0.0,0.03199999628122896,0.39939999987836927,3806.263900012709,0.018300008377991617,3807.1283000026597,12,1.0,42,True,False,quantum_simulator,,0.0,-2954.2267857467887,-2616.171193924599,classical_incumbent,not_better_than_incumbent,12,132.0,1024.0,0.1826171875,1.0,,quav_hybrid_v1,circular_return,HYBRID-3-WARM,6
CIRC_002_MND_4ADE384C6981,QUBO_CLASSICAL,-2954.2267857467887,-2954.2267857467887,-2954.2267857467887,-2954.2267857467887,"REQ_44CBD75798B0,REQ_859E5B4399B4",2,11330.0,0.9922077559990023,True,0.0,0.03360000846441835,0.38579999818466604,60.12389999523293,0.016399993910454214,60.93890000192914,12,1.0,42,True,False,classical_qubo,,0.0,-2954.2267857467887,-2954.2267857467887,classical_incumbent,not_better_than_incumbent,12,,,,1.0,,quav_hybrid_v1,circular_return,QUBO_CLASSICAL,6
CIRC_003_MND_9AC86A6D5AEC,HYBRID-3,-2475.652677940475,-2475.652677940475,-2475.652677940475,-2475.652677940475,REQ_EE447F625BA1,1,9020.0,0.8298044591848354,True,0.0,0.014399993233382702,0.1640999980736524,3192.371600001934,0.012199991033412516,3192.7161999919917,12,1.0,42,True,False,quantum_simulator,,0.0,-2475.652677940475,-2475.652677940475,classical_incumbent,not_better_than_incumbent,12,132.0,1024.0,0.1669921875,1.0,,quav_hybrid_v1,circular_return,HYBRID-3,6
CIRC_003_MND_9AC86A6D5AEC,HYBRID-3-WARM,-2475.652677940475,-2155.5647631932047,-2475.652677940475,-2475.652677940475,REQ_EE447F625BA1,1,9020.0,0.8298044591848354,True,0.0,0.02099999983329326,0.36750000435858965,3130.8736999926623,0.017699989257380366,3131.696299999021,12,1.0,42,True,False,quantum_simulator,,0.0,-2475.652677940475,-2155.5647631932047,classical_incumbent,not_better_than_incumbent,12,132.0,1024.0,0.1181640625,1.0,,quav_hybrid_v1,circular_return,HYBRID-3-WARM,6
CIRC_003_MND_9AC86A6D5AEC,QUBO_CLASSICAL,-2475.652677940475,-2475.652677940475,-2475.652677940475,-2475.652677940475,REQ_EE447F625BA1,1,9020.0,0.8298044591848354,True,0.0,0.027999994927085936,0.39739999920129776,74.39270000031684,0.01440000778529793,75.22420000168495,12,1.0,42,True,False,classical_qubo,,0.0,-2475.652677940475,-2475.652677940475,classical_incumbent,not_better_than_incumbent,12,,,,1.0,,quav_hybrid_v1,circular_return,QUBO_CLASSICAL,6
CIRC_004_MND_AE02C36E7ACD,HYBRID-3,-2464.310561554518,-2719.7323774490915,-2719.7323774490915,-2719.7323774490915,REQ_0C3AC2C4ACDB,1,10940.0,0.9126233709550767,True,255.42181589457368,0.013800003216601908,0.16510000568814576,3093.943300002138,0.015400000847876072,3094.2826000100467,12,1.0,42,True,True,quantum_simulator,,255.42181589457368,-2464.310561554518,-2719.7323774490915,circular_hybrid,,12,132.0,1024.0,0.1171875,1.0,,quav_hybrid_v1,circular_return,HYBRID-3,6
CIRC_004_MND_AE02C36E7ACD,HYBRID-3-WARM,-2464.310561554518,-2464.310561554518,-2464.310561554518,-2719.7323774490915,REQ_AA3977B86084,1,9040.0,0.7541238823979793,True,0.0,0.025600005756132305,0.4138999938732013,3054.3782000022475,0.013700002455152571,3055.210199992871,12,1.0,42,True,False,quantum_simulator,,0.0,-2464.310561554518,-2464.310561554518,classical_incumbent,not_better_than_incumbent,12,132.0,1024.0,0.0986328125,1.0,,quav_hybrid_v1,circular_return,HYBRID-3-WARM,6
CIRC_004_MND_AE02C36E7ACD,QUBO_CLASSICAL,-2464.310561554518,-2719.7323774490915,-2719.7323774490915,-2719.7323774490915,REQ_0C3AC2C4ACDB,1,10940.0,0.9126233709550767,True,255.42181589457368,0.02479999966453761,0.3932999970857054,59.36620000284165,0.016699996194802225,60.17340000835247,12,1.0,42,True,True,classical_qubo,,255.42181589457368,-2464.310561554518,-2719.7323774490915,circular_hybrid,,12,,,,1.0,,quav_hybrid_v1,circular_return,QUBO_CLASSICAL,6
CIRC_005_MND_9E255CEE332B,HYBRID-3,-3894.97600262698,-3894.97600262698,-3894.97600262698,-3894.97600262698,REQ_D5817FEB36F4,1,13320.0,0.9048369601756191,True,0.0,0.014700010069645941,0.16789999790489674,3280.982199998107,0.016999998479150236,3281.3380000006873,12,1.0,42,True,False,quantum_simulator,,0.0,-3894.97600262698,-3894.97600262698,classical_incumbent,not_better_than_incumbent,12,132.0,1024.0,0.1337890625,1.0,,quav_hybrid_v1,circular_return,HYBRID-3,6
CIRC_005_MND_9E255CEE332B,HYBRID-3-WARM,-3894.97600262698,-3894.97600262698,-3894.97600262698,-3894.97600262698,REQ_D5817FEB36F4,1,13320.0,0.9048369601756191,True,0.0,0.027599991881288588,0.3966000076616183,2909.727999998722,0.014399993233382702,2910.560099990107,12,1.0,42,True,False,quantum_simulator,,0.0,-3894.97600262698,-3894.97600262698,classical_incumbent,not_better_than_incumbent,12,132.0,1024.0,0.1416015625,1.0,,quav_hybrid_v1,circular_return,HYBRID-3-WARM,6
CIRC_005_MND_9E255CEE332B,QUBO_CLASSICAL,-3894.97600262698,-3894.97600262698,-3894.97600262698,-3894.97600262698,REQ_D5817FEB36F4,1,13320.0,0.9048369601756191,True,0.0,0.026399997295811772,0.40860001172404736,67.85139998828527,0.015199999324977398,68.67639999836683,12,1.0,42,True,False,classical_qubo,,0.0,-3894.97600262698,-3894.97600262698,classical_incumbent,not_better_than_incumbent,12,,,,1.0,,quav_hybrid_v1,circular_return,QUBO_CLASSICAL,6
CIRC_006_MND_F02880680127,HYBRID-3,-808.8370129050921,-808.8370129050921,-808.8370129050921,-808.8370129050921,REQ_859E5B4399B4,1,3660.0,0.741327213572553,True,0.0,0.017000013031065464,0.16170000890269876,3100.434199994197,0.017099999240599573,3100.8052000106545,12,1.0,42,True,False,quantum_simulator,,0.0,-808.8370129050921,-808.8370129050921,classical_incumbent,not_better_than_incumbent,12,132.0,1024.0,0.341796875,1.0,,quav_hybrid_v1,circular_return,HYBRID-3,6
CIRC_006_MND_F02880680127,HYBRID-3-WARM,-808.8370129050921,-808.8370129050921,-808.8370129050921,-808.8370129050921,REQ_859E5B4399B4,1,3660.0,0.741327213572553,True,0.0,0.034199998481199145,0.4293999954825267,3244.420299990452,0.014999997802078724,3245.3622999892104,12,1.0,42,True,False,quantum_simulator,,0.0,-808.8370129050921,-808.8370129050921,classical_incumbent,not_better_than_incumbent,12,132.0,1024.0,0.33984375,1.0,,quav_hybrid_v1,circular_return,HYBRID-3-WARM,6
CIRC_006_MND_F02880680127,QUBO_CLASSICAL,-808.8370129050921,,-808.8370129050921,-808.8370129050921,REQ_859E5B4399B4,1,3660.0,0.741327213572553,True,0.0,0.03229999856557697,0.40049999370239675,61.61449999490287,0.06740000389982015,62.576099997386336,12,1.0,42,True,False,classical_qubo,,0.0,-808.8370129050921,,classical_incumbent,capacity_violated:over_capacity:4960kg>4937kg,12,,,,1.0,,quav_hybrid_v1,circular_return,QUBO_CLASSICAL,6
CIRC_007_MND_DEA1CD5F415B,HYBRID-3,-3090.883155996481,-3090.883155996481,-3090.883155996481,-3090.883155996481,REQ_0C3AC2C4ACDB,1,10940.0,0.9104436942885957,True,0.0,0.03659998765215278,0.43229998846072704,3842.6045999949565,0.01410000550094992,3843.5166999988724,12,1.0,42,True,False,quantum_simulator,,0.0,-3090.883155996481,-3090.883155996481,classical_incumbent,not_better_than_incumbent,12,132.0,1024.0,0.1181640625,1.0,,quav_hybrid_v1,circular_return,HYBRID-3,6
CIRC_007_MND_DEA1CD5F415B,HYBRID-3-WARM,-3090.883155996481,-2419.9812179585256,-3090.883155996481,-3090.883155996481,REQ_0C3AC2C4ACDB,1,10940.0,0.9104436942885957,True,0.0,0.02570000651758164,0.40689999877940863,3447.9890999937197,0.012599994079209864,3448.8037999981316,12,1.0,42,True,False,quantum_simulator,,0.0,-3090.883155996481,-2419.9812179585256,classical_incumbent,not_better_than_incumbent,12,132.0,1024.0,0.111328125,1.0,,quav_hybrid_v1,circular_return,HYBRID-3-WARM,6
CIRC_007_MND_DEA1CD5F415B,QUBO_CLASSICAL,-3090.883155996481,-3090.883155996481,-3090.883155996481,-3090.883155996481,REQ_0C3AC2C4ACDB,1,10940.0,0.9104436942885957,True,0.0,0.02160000440198928,0.30860000697430223,64.29779999598395,0.014899997040629387,64.99430000258144,12,1.0,42,True,False,classical_qubo,,0.0,-3090.883155996481,-3090.883155996481,classical_incumbent,not_better_than_incumbent,12,,,,1.0,,quav_hybrid_v1,circular_return,QUBO_CLASSICAL,6
CIRC_008_MND_D3D37BB2E2D7,HYBRID-3,-579.9946116285943,-579.9946116285943,-579.9946116285943,-579.9946116285943,REQ_890EF5D57ECC,1,2770.0,0.8576386215469937,True,0.0,0.014899997040629387,0.17500000831205398,3236.1932000058005,0.012099990271963179,3236.5453999955207,12,1.0,42,True,False,quantum_simulator,,0.0,-579.9946116285943,-579.9946116285943,classical_incumbent,not_better_than_incumbent,12,132.0,1024.0,0.1435546875,1.0,,quav_hybrid_v1,circular_return,HYBRID-3,6
CIRC_008_MND_D3D37BB2E2D7,HYBRID-3-WARM,-579.9946116285943,-579.9946116285943,-579.9946116285943,-579.9946116285943,REQ_890EF5D57ECC,1,2770.0,0.8576386215469937,True,0.0,0.021100000594742596,0.4741000011563301,2917.1701000013854,0.014300007023848593,2918.1129000062356,12,1.0,42,True,False,quantum_simulator,,0.0,-579.9946116285943,-579.9946116285943,classical_incumbent,not_better_than_incumbent,12,132.0,1024.0,0.125,1.0,,quav_hybrid_v1,circular_return,HYBRID-3-WARM,6
CIRC_008_MND_D3D37BB2E2D7,QUBO_CLASSICAL,-579.9946116285943,-579.9946116285943,-579.9946116285943,-579.9946116285943,REQ_890EF5D57ECC,1,2770.0,0.8576386215469937,True,0.0,0.02710000262595713,0.3922000032616779,63.473400005022995,0.01409999094903469,64.28320000122767,12,1.0,42,True,False,classical_qubo,,0.0,-579.9946116285943,-579.9946116285943,classical_incumbent,not_better_than_incumbent,12,,,,1.0,,quav_hybrid_v1,circular_return,QUBO_CLASSICAL,6
CIRC_009_MND_50FC19D7AEC4,HYBRID-3,-572.265575097995,-528.6823391866711,-572.265575097995,-572.265575097995,REQ_7EC919255F25,1,2660.0,0.8834107363427725,True,0.0,0.014000004739500582,0.17579999985173345,3379.985999999917,0.020499996026046574,3380.351800005883,12,1.0,42,True,False,quantum_simulator,,0.0,-572.265575097995,-528.6823391866711,classical_incumbent,not_better_than_incumbent,12,132.0,1024.0,0.1396484375,1.0,,quav_hybrid_v1,circular_return,HYBRID-3,6
CIRC_009_MND_50FC19D7AEC4,HYBRID-3-WARM,-572.265575097995,-528.6823391866711,-572.265575097995,-572.265575097995,REQ_7EC919255F25,1,2660.0,0.8834107363427725,True,0.0,0.027999994927085936,0.5950000049779192,3383.959499988123,0.016599995433352888,3385.157299999264,12,1.0,42,True,False,quantum_simulator,,0.0,-572.265575097995,-528.6823391866711,classical_incumbent,not_better_than_incumbent,12,132.0,1024.0,0.12109375,1.0,,quav_hybrid_v1,circular_return,HYBRID-3-WARM,6
CIRC_009_MND_50FC19D7AEC4,QUBO_CLASSICAL,-572.265575097995,-572.265575097995,-572.265575097995,-572.265575097995,REQ_7EC919255F25,1,2660.0,0.8834107363427725,True,0.0,0.025300003471784294,0.41489998693577945,62.308099993970245,0.01619999238755554,63.21739999111742,12,1.0,42,True,False,classical_qubo,,0.0,-572.265575097995,-572.265575097995,classical_incumbent,not_better_than_incumbent,12,,,,1.0,,quav_hybrid_v1,circular_return,QUBO_CLASSICAL,6
CIRC_010_MND_283ED6EAAB84,HYBRID-3,-736.0982635070328,-736.0982635070328,-736.0982635070328,-736.0982635070328,REQ_84B8964D7055,1,3050.0,0.8668621541395506,True,0.0,0.023999993572942913,0.3998000029241666,3798.9465999999084,0.015099998563528061,3799.5534999936353,12,1.0,42,True,False,quantum_simulator,,0.0,-736.0982635070328,-736.0982635070328,classical_incumbent,not_better_than_incumbent,12,132.0,1024.0,0.138671875,1.0,,quav_hybrid_v1,circular_return,HYBRID-3,6
CIRC_010_MND_283ED6EAAB84,HYBRID-3-WARM,-736.0982635070328,-651.7295196559505,-736.0982635070328,-736.0982635070328,REQ_84B8964D7055,1,3050.0,0.8668621541395506,True,0.0,0.02610000956337899,0.40589999116491526,3195.137999995495,0.014999997802078724,3195.964999991702,12,1.0,42,True,False,quantum_simulator,,0.0,-736.0982635070328,-651.7295196559505,classical_incumbent,not_better_than_incumbent,12,132.0,1024.0,0.1337890625,1.0,,quav_hybrid_v1,circular_return,HYBRID-3-WARM,6
CIRC_010_MND_283ED6EAAB84,QUBO_CLASSICAL,-736.0982635070328,-736.0982635070328,-736.0982635070328,-736.0982635070328,REQ_84B8964D7055,1,3050.0,0.8668621541395506,True,0.0,0.043800013372674584,0.4115000047022477,64.9208999966504,0.014300007023848593,65.78599999193102,12,1.0,42,True,False,classical_qubo,,0.0,-736.0982635070328,-736.0982635070328,classical_incumbent,not_better_than_incumbent,12,,,,1.0,,quav_hybrid_v1,circular_return,QUBO_CLASSICAL,6
CIRC_011_MND_EE2349EB6FB3,HYBRID-3,-924.1458396652675,-1023.8451106933271,-1023.8451106933271,-1054.7135797699636,"REQ_3C56BC341A79,REQ_5D24ED089B8F,REQ_3F2AC957EF66",3,13940.0,0.9445558200666935,True,99.69927102805957,0.017400001524947584,0.1638000103412196,2884.991300001275,0.018999999156221747,2885.3656999999657,12,1.0,42,True,True,quantum_simulator,,99.69927102805957,-924.1458396652675,-1023.8451106933271,circular_hybrid,,12,132.0,1024.0,0.2900390625,1.0,,quav_hybrid_v1,circular_return,HYBRID-3,6
CIRC_011_MND_EE2349EB6FB3,HYBRID-3-WARM,-924.1458396652675,-1023.8451106933271,-1023.8451106933271,-1054.7135797699636,"REQ_3C56BC341A79,REQ_5D24ED089B8F,REQ_3F2AC957EF66",3,13940.0,0.9445558200666935,True,99.69927102805957,0.028800001018680632,0.4003000067314133,3305.6539999961387,0.01920000067912042,3306.5363000059733,12,1.0,42,True,True,quantum_simulator,,99.69927102805957,-924.1458396652675,-1023.8451106933271,circular_hybrid,,12,132.0,1024.0,0.32421875,1.0,,quav_hybrid_v1,circular_return,HYBRID-3-WARM,6
CIRC_011_MND_EE2349EB6FB3,QUBO_CLASSICAL,-924.1458396652675,,-924.1458396652675,-1054.7135797699636,"REQ_F6630F709884,REQ_3F2AC957EF66",2,10590.0,0.7175642851152284,True,0.0,0.03509999078232795,0.31879999733064324,69.77259999257512,0.026699999580159783,70.75990000157617,12,1.0,42,True,False,classical_qubo,,0.0,-924.1458396652675,,classical_incumbent,capacity_violated:over_capacity:14780kg>14758kg,12,,,,1.0,,quav_hybrid_v1,circular_return,QUBO_CLASSICAL,6
CIRC_012_MND_538E435A4360,HYBRID-3,-298.69382131446116,-262.48248248970424,-298.69382131446116,-298.69382131446116,REQ_027B86EB2157,1,1710.0,0.8006637669465095,True,0.0,0.013999990187585354,0.16280000272672623,3264.9283000064315,0.01780000457074493,3265.2768999978434,12,1.0,42,True,False,quantum_simulator,,0.0,-298.69382131446116,-262.48248248970424,classical_incumbent,not_better_than_incumbent,12,132.0,1024.0,0.1220703125,1.0,,quav_hybrid_v1,circular_return,HYBRID-3,6
CIRC_012_MND_538E435A4360,HYBRID-3-WARM,-298.69382131446116,-298.69382131446116,-298.69382131446116,-298.69382131446116,REQ_027B86EB2157,1,1710.0,0.8006637669465095,True,0.0,0.02269999822601676,0.4081000079168007,3272.997399995802,0.014199991710484028,3273.8427000003867,12,1.0,42,True,False,quantum_simulator,,0.0,-298.69382131446116,-298.69382131446116,classical_incumbent,not_better_than_incumbent,12,132.0,1024.0,0.1162109375,1.0,,quav_hybrid_v1,circular_return,HYBRID-3-WARM,6
CIRC_012_MND_538E435A4360,QUBO_CLASSICAL,-298.69382131446116,-298.69382131446116,-298.69382131446116,-298.69382131446116,REQ_027B86EB2157,1,1710.0,0.8006637669465095,True,0.0,0.033800009987317026,0.41819999751169235,77.75569999648724,0.02950000634882599,78.61780001258012,12,1.0,42,True,False,classical_qubo,,0.0,-298.69382131446116,-298.69382131446116,classical_incumbent,not_better_than_incumbent,12,,,,1.0,,quav_hybrid_v1,circular_return,QUBO_CLASSICAL,6
CIRC_013_MND_AAFC9C0B8DA5,HYBRID-3,-449.29186153104644,-449.29186153104644,-449.29186153104644,-449.29186153104644,REQ_55FBE03A6F0A,1,2160.0,0.9252752924413087,True,0.0,0.027300004148855805,0.42719999328255653,3053.884200009634,0.013500000932253897,3054.755200006184,12,1.0,42,True,False,quantum_simulator,,0.0,-449.29186153104644,-449.29186153104644,classical_incumbent,not_better_than_incumbent,12,132.0,1024.0,0.1240234375,1.0,,quav_hybrid_v1,circular_return,HYBRID-3,6
CIRC_013_MND_AAFC9C0B8DA5,HYBRID-3-WARM,-449.29186153104644,-403.0226417967445,-449.29186153104644,-449.29186153104644,REQ_55FBE03A6F0A,1,2160.0,0.9252752924413087,True,0.0,0.021700005163438618,0.3200000064680353,3412.8336000139825,0.01309999788645655,3413.5568000056082,12,1.0,42,True,False,quantum_simulator,,0.0,-449.29186153104644,-403.0226417967445,classical_incumbent,not_better_than_incumbent,12,132.0,1024.0,0.1044921875,1.0,,quav_hybrid_v1,circular_return,HYBRID-3-WARM,6
CIRC_013_MND_AAFC9C0B8DA5,QUBO_CLASSICAL,-449.29186153104644,-449.29186153104644,-449.29186153104644,-449.29186153104644,REQ_55FBE03A6F0A,1,2160.0,0.9252752924413087,True,0.0,0.019899991457350552,0.44070000876672566,64.51949999609496,0.014299992471933365,65.31710000126623,12,1.0,42,True,False,classical_qubo,,0.0,-449.29186153104644,-449.29186153104644,classical_incumbent,not_better_than_incumbent,12,,,,1.0,,quav_hybrid_v1,circular_return,QUBO_CLASSICAL,6
CIRC_014_MND_96D277426B8A,HYBRID-3,-1689.6312415354716,-1623.8803433371202,-1689.6312415354716,-1689.6312415354716,REQ_E7A1EB08E39D,1,6370.0,0.6536328962526635,True,0.0,0.017300000763498247,0.18519999866839498,3363.6992999963695,0.012100004823878407,3364.0726000012364,12,1.0,42,True,False,quantum_simulator,,0.0,-1689.6312415354716,-1623.8803433371202,classical_incumbent,not_better_than_incumbent,12,132.0,1024.0,0.1181640625,1.0,,quav_hybrid_v1,circular_return,HYBRID-3,6
CIRC_014_MND_96D277426B8A,HYBRID-3-WARM,-1689.6312415354716,-1689.6312415354716,-1689.6312415354716,-1689.6312415354716,REQ_E7A1EB08E39D,1,6370.0,0.6536328962526635,True,0.0,0.020099992980249226,0.33209999673999846,3312.849299996742,0.013700002455152571,3313.530500003253,12,1.0,42,True,False,quantum_simulator,,0.0,-1689.6312415354716,-1689.6312415354716,classical_incumbent,not_better_than_incumbent,12,132.0,1024.0,0.1328125,1.0,,quav_hybrid_v1,circular_return,HYBRID-3-WARM,6
CIRC_014_MND_96D277426B8A,QUBO_CLASSICAL,-1689.6312415354716,-1689.6312415354716,-1689.6312415354716,-1689.6312415354716,REQ_E7A1EB08E39D,1,6370.0,0.6536328962526635,True,0.0,0.026999987312592566,0.4065000102855265,63.682199994218536,0.014200006262399256,64.51759999617934,12,1.0,42,True,False,classical_qubo,,0.0,-1689.6312415354716,-1689.6312415354716,classical_incumbent,not_better_than_incumbent,12,,,,1.0,,quav_hybrid_v1,circular_return,QUBO_CLASSICAL,6
CIRC_015_MND_1BD2DF2540D5,HYBRID-3,-1416.5495249274197,-1332.0320491415735,-1416.5495249274197,-1529.3607112109848,REQ_1FC74EAC7B2D,1,5720.0,0.920475537604214,True,0.0,0.014699995517730713,0.16199999663513154,3599.428999994416,0.017699989257380366,3599.783900004695,12,1.0,42,True,False,quantum_simulator,,0.0,-1416.5495249274197,-1332.0320491415735,classical_incumbent,not_better_than_incumbent,12,132.0,1024.0,0.1962890625,1.0,,quav_hybrid_v1,circular_return,HYBRID-3,6
CIRC_015_MND_1BD2DF2540D5,HYBRID-3-WARM,-1416.5495249274197,-1416.5495249274197,-1416.5495249274197,-1529.3607112109848,REQ_1FC74EAC7B2D,1,5720.0,0.920475537604214,True,0.0,0.027400004910305142,0.40830000943969935,3388.6961999960477,0.013900003978051245,3389.5369000092614,12,1.0,42,True,False,quantum_simulator,,0.0,-1416.5495249274197,-1416.5495249274197,classical_incumbent,not_better_than_incumbent,12,132.0,1024.0,0.1962890625,1.0,,quav_hybrid_v1,circular_return,HYBRID-3-WARM,6
CIRC_015_MND_1BD2DF2540D5,QUBO_CLASSICAL,-1416.5495249274197,-1529.3607112109848,-1529.3607112109848,-1529.3607112109848,"REQ_3376601CB719,REQ_BB61EEDD08FD",2,5760.0,0.9269124294755722,True,112.81118628356512,0.023100001271814108,0.41369999235030264,69.80440000188537,0.01820000761654228,70.68389999039937,12,1.0,42,True,True,classical_qubo,,112.81118628356512,-1416.5495249274197,-1529.3607112109848,circular_hybrid,,12,,,,1.0,,quav_hybrid_v1,circular_return,QUBO_CLASSICAL,6
CIRC_016_MND_07DDCCA966AE,HYBRID-3,-2049.884876556725,-2049.884876556725,-2049.884876556725,-2049.884876556725,REQ_63700F3BCE18,1,7380.0,0.9275151711038154,True,0.0,0.018499995348975062,0.33310000435449183,3198.431199998595,0.014299992471933365,3198.9726000028895,12,1.0,42,True,False,quantum_simulator,,0.0,-2049.884876556725,-2049.884876556725,classical_incumbent,not_better_than_incumbent,12,132.0,1024.0,0.18359375,1.0,,quav_hybrid_v1,circular_return,HYBRID-3,6
CIRC_016_MND_07DDCCA966AE,HYBRID-3-WARM,-2049.884876556725,-2049.884876556725,-2049.884876556725,-2049.884876556725,REQ_63700F3BCE18,1,7380.0,0.9275151711038154,True,0.0,0.02269999822601676,0.4262000002199784,3243.4101999970153,0.01410000550094992,3244.300399994245,12,1.0,42,True,False,quantum_simulator,,0.0,-2049.884876556725,-2049.884876556725,classical_incumbent,not_better_than_incumbent,12,132.0,1024.0,0.189453125,1.0,,quav_hybrid_v1,circular_return,HYBRID-3-WARM,6
CIRC_016_MND_07DDCCA966AE,QUBO_CLASSICAL,-2049.884876556725,-2049.884876556725,-2049.884876556725,-2049.884876556725,REQ_63700F3BCE18,1,7380.0,0.9275151711038154,True,0.0,0.022299995180219412,0.3904000041075051,72.68509999266826,0.01959998917300254,73.50930001121014,12,1.0,42,True,False,classical_qubo,,0.0,-2049.884876556725,-2049.884876556725,classical_incumbent,not_better_than_incumbent,12,,,,1.0,,quav_hybrid_v1,circular_return,QUBO_CLASSICAL,6
CIRC_017_MND_46CD786BC585,HYBRID-3,-905.7952290728615,-905.7952290728615,-905.7952290728615,-905.7952290728615,REQ_07A752F2ACBB,1,3720.0,0.9434939364127861,True,0.0,0.02340000355616212,0.3189999988535419,2847.5245000008726,0.014899997040629387,2848.2519000099273,12,1.0,42,True,False,quantum_simulator,,0.0,-905.7952290728615,-905.7952290728615,classical_incumbent,not_better_than_incumbent,12,132.0,1024.0,0.1064453125,1.0,,quav_hybrid_v1,circular_return,HYBRID-3,6
CIRC_017_MND_46CD786BC585,HYBRID-3-WARM,-905.7952290728615,-568.599818511324,-905.7952290728615,-905.7952290728615,REQ_07A752F2ACBB,1,3720.0,0.9434939364127861,True,0.0,0.02610000956337899,0.4192000051261857,2974.4139999966137,0.015000012353993952,2975.250200004666,12,1.0,42,True,False,quantum_simulator,,0.0,-905.7952290728615,-568.599818511324,classical_incumbent,not_better_than_incumbent,12,132.0,1024.0,0.109375,1.0,,quav_hybrid_v1,circular_return,HYBRID-3-WARM,6
CIRC_017_MND_46CD786BC585,QUBO_CLASSICAL,-905.7952290728615,-905.7952290728615,-905.7952290728615,-905.7952290728615,REQ_07A752F2ACBB,1,3720.0,0.9434939364127861,True,0.0,0.023899992811493576,0.4034000012325123,65.42579999950249,0.014500008546747267,66.25350000103936,12,1.0,42,True,False,classical_qubo,,0.0,-905.7952290728615,-905.7952290728615,classical_incumbent,not_better_than_incumbent,12,,,,1.0,,quav_hybrid_v1,circular_return,QUBO_CLASSICAL,6
CIRC_018_MND_301551655568,HYBRID-3,-2028.9942970788293,-1631.3752465225211,-2028.9942970788293,-2028.9942970788293,"REQ_A8A796745767,REQ_D38611A582E9,REQ_6FDC199D6F5C,REQ_71B61A909F0D",4,12520.0,0.9570789538238811,True,0.0,0.022499996703118086,0.16060000052675605,3635.1636000035796,0.020899999071843922,3635.5447999958415,12,1.0,42,True,False,quantum_simulator,,0.0,-2028.9942970788293,-1631.3752465225211,classical_incumbent,not_better_than_incumbent,12,132.0,1024.0,0.373046875,1.0,,quav_hybrid_v1,circular_return,HYBRID-3,6
CIRC_018_MND_301551655568,HYBRID-3-WARM,-2028.9942970788293,-1708.4334583274574,-2028.9942970788293,-2028.9942970788293,"REQ_A8A796745767,REQ_D38611A582E9,REQ_6FDC199D6F5C,REQ_71B61A909F0D",4,12520.0,0.9570789538238811,True,0.0,0.04569999873638153,0.4301000008126721,3063.9475000061793,0.020899999071843922,3064.9228999973275,12,1.0,42,True,False,quantum_simulator,,0.0,-2028.9942970788293,-1708.4334583274574,classical_incumbent,not_better_than_incumbent,12,132.0,1024.0,0.421875,1.0,,quav_hybrid_v1,circular_return,HYBRID-3-WARM,6
CIRC_018_MND_301551655568,QUBO_CLASSICAL,-2028.9942970788293,-2028.9942970788293,-2028.9942970788293,-2028.9942970788293,"REQ_A8A796745767,REQ_D38611A582E9,REQ_6FDC199D6F5C,REQ_71B61A909F0D",4,12520.0,0.9570789538238811,True,0.0,0.10280001151841134,0.5157999985385686,62.8737000079127,0.020000006770715117,63.96939999831375,12,1.0,42,True,False,classical_qubo,,0.0,-2028.9942970788293,-2028.9942970788293,classical_incumbent,not_better_than_incumbent,12,,,,1.0,,quav_hybrid_v1,circular_return,QUBO_CLASSICAL,6
CIRC_019_MND_4427C76F4F6F,HYBRID-3,-2364.5086773255184,-1594.9461446930973,-2364.5086773255184,-2364.5086773255184,"REQ_8FDA4FF94875,REQ_A7B64C610CE5",2,8580.0,0.7869014200407821,True,0.0,0.017499987734481692,0.1714999962132424,3370.171799993841,0.016399993910454214,3370.5400999897392,12,1.0,42,True,False,quantum_simulator,,0.0,-2364.5086773255184,-1594.9461446930973,classical_incumbent,not_better_than_incumbent,12,132.0,1024.0,0.1982421875,1.0,,quav_hybrid_v1,circular_return,HYBRID-3,6
CIRC_019_MND_4427C76F4F6F,HYBRID-3-WARM,-2364.5086773255184,-2364.5086773255184,-2364.5086773255184,-2364.5086773255184,"REQ_8FDA4FF94875,REQ_A7B64C610CE5",2,8580.0,0.7869014200407821,True,0.0,0.027900008717551827,0.3831999929388985,2955.0451999966754,0.017999991541728377,2955.8567000058247,12,1.0,42,True,False,quantum_simulator,,0.0,-2364.5086773255184,-2364.5086773255184,classical_incumbent,not_better_than_incumbent,12,132.0,1024.0,0.1953125,1.0,,quav_hybrid_v1,circular_return,HYBRID-3-WARM,6
CIRC_019_MND_4427C76F4F6F,QUBO_CLASSICAL,-2364.5086773255184,-2364.5086773255184,-2364.5086773255184,-2364.5086773255184,"REQ_8FDA4FF94875,REQ_A7B64C610CE5",2,8580.0,0.7869014200407821,True,0.0,0.030800001695752144,0.4341000021668151,64.00550001126248,0.01720000000204891,64.89040001179092,12,1.0,42,True,False,classical_qubo,,0.0,-2364.5086773255184,-2364.5086773255184,classical_incumbent,not_better_than_incumbent,12,,,,1.0,,quav_hybrid_v1,circular_return,QUBO_CLASSICAL,6
CIRC_020_MND_AAFC9C0B8DA5,HYBRID-3,-1739.4933676175042,-1739.4933676175042,-1739.4933676175042,-1739.4933676175042,REQ_7134229E05FD,1,6710.0,0.908336754500178,True,0.0,0.01580000389367342,0.1672000071266666,3211.8366999930004,0.01589999010320753,3212.2004000120796,12,1.0,42,True,False,quantum_simulator,,0.0,-1739.4933676175042,-1739.4933676175042,classical_incumbent,not_better_than_incumbent,12,132.0,1024.0,0.1455078125,1.0,,quav_hybrid_v1,circular_return,HYBRID-3,6
CIRC_020_MND_AAFC9C0B8DA5,HYBRID-3-WARM,-1739.4933676175042,-1739.4933676175042,-1739.4933676175042,-1739.4933676175042,REQ_7134229E05FD,1,6710.0,0.908336754500178,True,0.0,0.027300004148855805,0.41870000131893903,2958.6349000019254,0.014000004739500582,2959.4856000039726,12,1.0,42,True,False,quantum_simulator,,0.0,-1739.4933676175042,-1739.4933676175042,classical_incumbent,not_better_than_incumbent,12,132.0,1024.0,0.099609375,1.0,,quav_hybrid_v1,circular_return,HYBRID-3-WARM,6
CIRC_020_MND_AAFC9C0B8DA5,QUBO_CLASSICAL,-1739.4933676175042,-1739.4933676175042,-1739.4933676175042,-1739.4933676175042,REQ_7134229E05FD,1,6710.0,0.908336754500178,True,0.0,0.02439999661874026,0.4099000070709735,62.32090000412427,0.016900012269616127,63.164699997287244,12,1.0,42,True,False,classical_qubo,,0.0,-1739.4933676175042,-1739.4933676175042,classical_incumbent,not_better_than_incumbent,12,,,,1.0,,quav_hybrid_v1,circular_return,QUBO_CLASSICAL,6
CIRC_021_MND_F0BDDB3CC08D,HYBRID-3,-1242.720306969792,-1133.3623789532626,-1242.720306969792,-1242.720306969792,REQ_D4F5A7A724B7,1,5050.0,0.8363345476830386,True,0.0,0.01479999627918005,0.1672000071266666,3174.756399996113,0.013299999409355223,3175.1004999969155,12,1.0,42,True,False,quantum_simulator,,0.0,-1242.720306969792,-1133.3623789532626,classical_incumbent,not_better_than_incumbent,12,132.0,1024.0,0.123046875,1.0,,quav_hybrid_v1,circular_return,HYBRID-3,6
CIRC_021_MND_F0BDDB3CC08D,HYBRID-3-WARM,-1242.720306969792,-1242.720306969792,-1242.720306969792,-1242.720306969792,REQ_D4F5A7A724B7,1,5050.0,0.8363345476830386,True,0.0,0.020499996026046574,0.3308000013930723,3657.981100011966,0.020399995264597237,3658.9455000066664,12,1.0,42,True,False,quantum_simulator,,0.0,-1242.720306969792,-1242.720306969792,classical_incumbent,not_better_than_incumbent,12,132.0,1024.0,0.1376953125,1.0,,quav_hybrid_v1,circular_return,HYBRID-3-WARM,6
CIRC_021_MND_F0BDDB3CC08D,QUBO_CLASSICAL,-1242.720306969792,-1242.720306969792,-1242.720306969792,-1242.720306969792,REQ_D4F5A7A724B7,1,5050.0,0.8363345476830386,True,0.0,0.02609999501146376,0.53039999329485,67.29289999930188,0.01479999627918005,68.31170000077691,12,1.0,42,True,False,classical_qubo,,0.0,-1242.720306969792,-1242.720306969792,classical_incumbent,not_better_than_incumbent,12,,,,1.0,,quav_hybrid_v1,circular_return,QUBO_CLASSICAL,6
CIRC_022_MND_4ADE384C6981,HYBRID-3,-1221.159009011505,-1141.177051800718,-1221.159009011505,-1427.3446576398399,REQ_1C9987829B1A,1,4960.0,0.7293117783596851,True,0.0,0.014999997802078724,0.16450000111944973,3696.3461999985157,0.01440000778529793,3696.693999998388,12,1.0,42,True,False,quantum_simulator,,0.0,-1221.159009011505,-1141.177051800718,classical_incumbent,not_better_than_incumbent,12,132.0,1024.0,0.1318359375,1.0,,quav_hybrid_v1,circular_return,HYBRID-3,6
CIRC_022_MND_4ADE384C6981,HYBRID-3-WARM,-1221.159009011505,-1427.3446576398399,-1427.3446576398399,-1427.3446576398399,"REQ_2928034AF9F2,REQ_97F3FA1CA06B",2,6090.0,0.8954654698005003,True,206.18564862833477,0.025899993488565087,0.3946999931940809,3200.514700001804,0.017099999240599573,3201.3329999899724,12,1.0,42,True,True,quantum_simulator,,206.18564862833477,-1221.159009011505,-1427.3446576398399,circular_hybrid,,12,132.0,1024.0,0.126953125,1.0,,quav_hybrid_v1,circular_return,HYBRID-3-WARM,6
CIRC_022_MND_4ADE384C6981,QUBO_CLASSICAL,-1221.159009011505,-1427.3446576398399,-1427.3446576398399,-1427.3446576398399,"REQ_2928034AF9F2,REQ_97F3FA1CA06B",2,6090.0,0.8954654698005003,True,206.18564862833477,0.05529999907594174,0.35870001011062413,69.28729999344796,0.016599995433352888,70.44110000424553,12,1.0,42,True,True,classical_qubo,,206.18564862833477,-1221.159009011505,-1427.3446576398399,circular_hybrid,,12,,,,1.0,,quav_hybrid_v1,circular_return,QUBO_CLASSICAL,6
CIRC_023_MND_954F0551D2D8,HYBRID-3,-336.9425656874953,-351.892292461662,-351.892292461662,-351.892292461662,REQ_781347A197AB,1,2270.0,0.6878235444556051,True,14.94972677416672,0.012799995602108538,0.16009999671950936,3118.8844999996945,0.011000010999850929,3119.214699996519,12,1.0,42,True,True,quantum_simulator,,14.94972677416672,-336.9425656874953,-351.892292461662,circular_hybrid,,12,132.0,1024.0,0.1064453125,1.0,,quav_hybrid_v1,circular_return,HYBRID-3,6
CIRC_023_MND_954F0551D2D8,HYBRID-3-WARM,-336.9425656874953,-351.892292461662,-351.892292461662,-351.892292461662,REQ_781347A197AB,1,2270.0,0.6878235444556051,True,14.94972677416672,0.017099999240599573,0.3065999917453155,3271.010500000557,0.012899996363557875,3271.6059000085806,12,1.0,42,True,True,quantum_simulator,,14.94972677416672,-336.9425656874953,-351.892292461662,circular_hybrid,,12,132.0,1024.0,0.10546875,1.0,,quav_hybrid_v1,circular_return,HYBRID-3-WARM,6
CIRC_023_MND_954F0551D2D8,QUBO_CLASSICAL,-336.9425656874953,-351.892292461662,-351.892292461662,-351.892292461662,REQ_781347A197AB,1,2270.0,0.6878235444556051,True,14.94972677416672,0.02169999061152339,0.3471000090939924,72.93969999591354,0.01819999306462705,73.7070000031963,12,1.0,42,True,True,classical_qubo,,14.94972677416672,-336.9425656874953,-351.892292461662,circular_hybrid,,12,,,,1.0,,quav_hybrid_v1,circular_return,QUBO_CLASSICAL,6
CIRC_024_MND_A59F6598A624,HYBRID-3,-2212.6395698632036,-1447.068722470371,-2212.6395698632036,-2212.6395698632036,REQ_3647B83D3716,1,7800.0,0.9120016113971674,True,0.0,0.035900011425837874,0.2859999949578196,3002.308600000106,0.012400007108226418,3002.927199995611,12,1.0,42,True,False,quantum_simulator,,0.0,-2212.6395698632036,-1447.068722470371,classical_incumbent,not_better_than_incumbent,12,132.0,1024.0,0.146484375,1.0,,quav_hybrid_v1,circular_return,HYBRID-3,6
CIRC_024_MND_A59F6598A624,HYBRID-3-WARM,-2212.6395698632036,-2212.6395698632036,-2212.6395698632036,-2212.6395698632036,REQ_3647B83D3716,1,7800.0,0.9120016113971674,True,0.0,0.02030000905506313,0.28500000189524144,3051.2995999888517,0.013199998647905886,3051.9675000105053,12,1.0,42,True,False,quantum_simulator,,0.0,-2212.6395698632036,-2212.6395698632036,classical_incumbent,not_better_than_incumbent,12,132.0,1024.0,0.1123046875,1.0,,quav_hybrid_v1,circular_return,HYBRID-3-WARM,6
CIRC_024_MND_A59F6598A624,QUBO_CLASSICAL,-2212.6395698632036,-2212.6395698632036,-2212.6395698632036,-2212.6395698632036,REQ_3647B83D3716,1,7800.0,0.9120016113971674,True,0.0,0.025899993488565087,0.4619999963324517,71.89330000255723,0.014000004739500582,72.89589999709278,12,1.0,42,True,False,classical_qubo,,0.0,-2212.6395698632036,-2212.6395698632036,classical_incumbent,not_better_than_incumbent,12,,,,1.0,,quav_hybrid_v1,circular_return,QUBO_CLASSICAL,6
CIRC_025_MND_50FC19D7AEC4,HYBRID-3,-350.05668207076087,-308.36996550938335,-350.05668207076087,-350.05668207076087,REQ_F19BBCF4E605,1,2010.0,0.8938605503883252,True,0.0,0.01410000550094992,0.16009999671950936,3144.5364999963203,0.014500008546747267,3144.877800004906,12,1.0,42,True,False,quantum_simulator,,0.0,-350.05668207076087,-308.36996550938335,classical_incumbent,not_better_than_incumbent,12,132.0,1024.0,0.1279296875,1.0,,quav_hybrid_v1,circular_return,HYBRID-3,6
CIRC_025_MND_50FC19D7AEC4,HYBRID-3-WARM,-350.05668207076087,-293.412678938471,-350.05668207076087,-350.05668207076087,REQ_F19BBCF4E605,1,2010.0,0.8938605503883252,True,0.0,0.02230000973213464,0.2884999994421378,3472.0868000003975,0.014500008546747267,3472.7060000004712,12,1.0,42,True,False,quantum_simulator,,0.0,-350.05668207076087,-293.412678938471,classical_incumbent,not_better_than_incumbent,12,132.0,1024.0,0.1455078125,1.0,,quav_hybrid_v1,circular_return,HYBRID-3-WARM,6
CIRC_025_MND_50FC19D7AEC4,QUBO_CLASSICAL,-350.05668207076087,-350.05668207076087,-350.05668207076087,-350.05668207076087,REQ_F19BBCF4E605,1,2010.0,0.8938605503883252,True,0.0,0.023100001271814108,0.41530000453349203,68.96899999992456,0.015600002370774746,69.83870000112802,12,1.0,42,True,False,classical_qubo,,0.0,-350.05668207076087,-350.05668207076087,classical_incumbent,not_better_than_incumbent,12,,,,1.0,,quav_hybrid_v1,circular_return,QUBO_CLASSICAL,6
CIRC_026_MND_3F6468C86419,HYBRID-3,-772.6716948152279,-590.8122686959302,-772.6716948152279,-772.6716948152279,"REQ_933DC062F327,REQ_E777B15C4BB5",2,4930.0,0.9884417375014835,True,0.0,0.019400002202019095,0.17970000044442713,3245.9364000096684,0.015099998563528061,3246.324099993217,12,1.0,42,True,False,quantum_simulator,,0.0,-772.6716948152279,-590.8122686959302,classical_incumbent,not_better_than_incumbent,12,132.0,1024.0,0.1962890625,1.0,,quav_hybrid_v1,circular_return,HYBRID-3,6
CIRC_026_MND_3F6468C86419,HYBRID-3-WARM,-772.6716948152279,-455.1711952336326,-772.6716948152279,-772.6716948152279,"REQ_933DC062F327,REQ_E777B15C4BB5",2,4930.0,0.9884417375014835,True,0.0,0.03460000152699649,0.4214000073261559,4045.855999997002,0.010500007192604244,4046.7486000125064,12,1.0,42,True,False,quantum_simulator,,0.0,-772.6716948152279,-455.1711952336326,classical_incumbent,not_better_than_incumbent,12,132.0,1024.0,0.1953125,1.0,,quav_hybrid_v1,circular_return,HYBRID-3-WARM,6
CIRC_026_MND_3F6468C86419,QUBO_CLASSICAL,-772.6716948152279,-772.6716948152279,-772.6716948152279,-772.6716948152279,"REQ_933DC062F327,REQ_E777B15C4BB5",2,4930.0,0.9884417375014835,True,0.0,0.023300002794712782,0.3549999964889139,69.62989999738056,0.022200008970685303,70.31219999771565,12,1.0,42,True,False,classical_qubo,,0.0,-772.6716948152279,-772.6716948152279,classical_incumbent,not_better_than_incumbent,12,,,,1.0,,quav_hybrid_v1,circular_return,QUBO_CLASSICAL,6
CIRC_027_MND_96D277426B8A,HYBRID-3,-1689.6312415354716,-1689.6312415354716,-1689.6312415354716,-1689.6312415354716,REQ_E7A1EB08E39D,1,6370.0,0.6931736031726563,True,0.0,0.021200001356191933,0.2879999956348911,3132.584600010887,0.013600001693703234,3133.2416999939596,12,1.0,42,True,False,quantum_simulator,,0.0,-1689.6312415354716,-1689.6312415354716,classical_incumbent,not_better_than_incumbent,12,132.0,1024.0,0.1455078125,1.0,,quav_hybrid_v1,circular_return,HYBRID-3,6
CIRC_027_MND_96D277426B8A,HYBRID-3-WARM,-1689.6312415354716,-1689.6312415354716,-1689.6312415354716,-1689.6312415354716,REQ_E7A1EB08E39D,1,6370.0,0.6931736031726563,True,0.0,0.02059999678749591,0.3208999987691641,3513.984300006996,0.015600002370774746,3514.7068000078434,12,1.0,42,True,False,quantum_simulator,,0.0,-1689.6312415354716,-1689.6312415354716,classical_incumbent,not_better_than_incumbent,12,132.0,1024.0,0.1416015625,1.0,,quav_hybrid_v1,circular_return,HYBRID-3-WARM,6
CIRC_027_MND_96D277426B8A,QUBO_CLASSICAL,-1689.6312415354716,-1689.6312415354716,-1689.6312415354716,-1689.6312415354716,REQ_E7A1EB08E39D,1,6370.0,0.6931736031726563,True,0.0,0.02379999205004424,0.37909999082330614,93.36690000782255,0.020399995264597237,94.16110000165645,12,1.0,42,True,False,classical_qubo,,0.0,-1689.6312415354716,-1689.6312415354716,classical_incumbent,not_better_than_incumbent,12,,,,1.0,,quav_hybrid_v1,circular_return,QUBO_CLASSICAL,6
CIRC_028_MND_AE02C36E7ACD,HYBRID-3,-673.8613113579695,-673.8613113579695,-673.8613113579695,-673.8613113579695,"REQ_7FD4B4FF7B61,REQ_337F78C800DF",2,3860.0,0.9903729106221735,True,0.0,0.031100003980100155,0.3192999865859747,3680.048199996236,0.016299993149004877,3680.7984999904875,12,1.0,42,True,False,quantum_simulator,,0.0,-673.8613113579695,-673.8613113579695,classical_incumbent,not_better_than_incumbent,12,132.0,1024.0,0.1796875,1.0,,quav_hybrid_v1,circular_return,HYBRID-3,6
CIRC_028_MND_AE02C36E7ACD,HYBRID-3-WARM,-673.8613113579695,-497.10062628410213,-673.8613113579695,-673.8613113579695,"REQ_7FD4B4FF7B61,REQ_337F78C800DF",2,3860.0,0.9903729106221735,True,0.0,0.03300000389572233,0.41029999556485564,2967.211800001678,0.017999991541728377,2968.471899992437,12,1.0,42,True,False,quantum_simulator,,0.0,-673.8613113579695,-497.10062628410213,classical_incumbent,not_better_than_incumbent,12,132.0,1024.0,0.1884765625,1.0,,quav_hybrid_v1,circular_return,HYBRID-3-WARM,6
CIRC_028_MND_AE02C36E7ACD,QUBO_CLASSICAL,-673.8613113579695,-673.8613113579695,-673.8613113579695,-673.8613113579695,"REQ_7FD4B4FF7B61,REQ_337F78C800DF",2,3860.0,0.9903729106221735,True,0.0,0.029800008633174002,0.407900006393902,69.35270001122262,0.01990000600926578,70.21659999736585,12,1.0,42,True,False,classical_qubo,,0.0,-673.8613113579695,-673.8613113579695,classical_incumbent,not_better_than_incumbent,12,,,,1.0,,quav_hybrid_v1,circular_return,QUBO_CLASSICAL,6
CIRC_029_MND_9E255CEE332B,HYBRID-3,-3136.436102343607,-1804.1012989173064,-3136.436102343607,-3136.436102343607,REQ_9C3C46242629,1,11250.0,0.9802618481356763,True,0.0,0.019699989934451878,0.25690000620670617,3128.6136000126135,0.014300007023848593,3129.15759999305,12,1.0,42,True,False,quantum_simulator,,0.0,-3136.436102343607,-1804.1012989173064,classical_incumbent,not_better_than_incumbent,12,132.0,1024.0,0.1484375,1.0,,quav_hybrid_v1,circular_return,HYBRID-3,6
CIRC_029_MND_9E255CEE332B,HYBRID-3-WARM,-3136.436102343607,-3136.436102343607,-3136.436102343607,-3136.436102343607,REQ_9C3C46242629,1,11250.0,0.9802618481356763,True,0.0,0.022599997464567423,0.450999999884516,3209.0850999957183,0.010299991117790341,3210.0321000034455,12,1.0,42,True,False,quantum_simulator,,0.0,-3136.436102343607,-3136.436102343607,classical_incumbent,not_better_than_incumbent,12,132.0,1024.0,0.1513671875,1.0,,quav_hybrid_v1,circular_return,HYBRID-3-WARM,6
CIRC_029_MND_9E255CEE332B,QUBO_CLASSICAL,-3136.436102343607,-3136.436102343607,-3136.436102343607,-3136.436102343607,REQ_9C3C46242629,1,11250.0,0.9802618481356763,True,0.0,0.0185999961104244,0.39010000182315707,63.62920001265593,0.018999999156221747,64.40820000716485,12,1.0,42,True,False,classical_qubo,,0.0,-3136.436102343607,-3136.436102343607,classical_incumbent,not_better_than_incumbent,12,,,,1.0,,quav_hybrid_v1,circular_return,QUBO_CLASSICAL,6
CIRC_030_MND_07DDCCA966AE,HYBRID-3,-2778.298448201117,-2778.298448201117,-2778.298448201117,-2864.6352108898272,REQ_EDC07A30F602,1,9750.0,0.9046491501845516,True,0.0,0.020899999071843922,0.2734000008786097,3003.1942000059644,0.015300000086426735,3003.7711999902967,12,1.0,42,True,False,quantum_simulator,,0.0,-2778.298448201117,-2778.298448201117,classical_incumbent,not_better_than_incumbent,12,132.0,1024.0,0.224609375,1.0,,quav_hybrid_v1,circular_return,HYBRID-3,6
CIRC_030_MND_07DDCCA966AE,HYBRID-3-WARM,-2778.298448201117,-2778.298448201117,-2778.298448201117,-2864.6352108898272,REQ_EDC07A30F602,1,9750.0,0.9046491501845516,True,0.0,0.02580000727903098,0.46279998787213117,3188.740300000063,0.014599994756281376,3189.7031999978935,12,1.0,42,True,False,quantum_simulator,,0.0,-2778.298448201117,-2778.298448201117,classical_incumbent,not_better_than_incumbent,12,132.0,1024.0,0.205078125,1.0,,quav_hybrid_v1,circular_return,HYBRID-3-WARM,6
CIRC_030_MND_07DDCCA966AE,QUBO_CLASSICAL,-2778.298448201117,-2864.6352108898272,-2864.6352108898272,-2864.6352108898272,"REQ_027B86EB2157,REQ_8DE52863871A",2,10710.0,0.9937222972796459,True,86.33676268871022,0.022299995180219412,0.3963000053772703,82.78219999920111,0.02300000051036477,83.63710000412539,12,1.0,42,True,True,classical_qubo,,86.33676268871022,-2778.298448201117,-2864.6352108898272,circular_hybrid,,12,,,,1.0,,quav_hybrid_v1,circular_return,QUBO_CLASSICAL,6
CIRC_031_MND_C163C6E4A832,HYBRID-3,-654.167779701242,-452.4682974977743,-654.167779701242,-654.167779701242,"REQ_72C2B2F35C04,REQ_A59DE8BF9CF8",2,4170.0,0.8464548573960186,True,0.0,0.030399998649954796,0.30440000409726053,2985.8535999956075,0.01170000177808106,2986.508500005584,12,1.0,42,True,False,quantum_simulator,,0.0,-654.167779701242,-452.4682974977743,classical_incumbent,not_better_than_incumbent,12,132.0,1024.0,0.1376953125,1.0,,quav_hybrid_v1,circular_return,HYBRID-3,6
CIRC_031_MND_C163C6E4A832,HYBRID-3-WARM,-654.167779701242,-654.167779701242,-654.167779701242,-654.167779701242,"REQ_72C2B2F35C04,REQ_A59DE8BF9CF8",2,4170.0,0.8464548573960186,True,0.0,0.025299988919869065,0.28750000637955964,3481.100699995295,0.014700010069645941,3481.715100002475,12,1.0,42,True,False,quantum_simulator,,0.0,-654.167779701242,-654.167779701242,classical_incumbent,not_better_than_incumbent,12,132.0,1024.0,0.154296875,1.0,,quav_hybrid_v1,circular_return,HYBRID-3-WARM,6
CIRC_031_MND_C163C6E4A832,QUBO_CLASSICAL,-654.167779701242,-654.167779701242,-654.167779701242,-654.167779701242,"REQ_72C2B2F35C04,REQ_A59DE8BF9CF8",2,4170.0,0.8464548573960186,True,0.0,0.02540000423323363,0.30220000189729035,77.01759999326896,0.022199994418770075,77.7133999945363,12,1.0,42,True,False,classical_qubo,,0.0,-654.167779701242,-654.167779701242,classical_incumbent,not_better_than_incumbent,12,,,,1.0,,quav_hybrid_v1,circular_return,QUBO_CLASSICAL,6
CIRC_032_MND_FE8D567E9001,HYBRID-3,-1433.1528853299096,-1057.7392825324139,-1433.1528853299096,-1543.9838824968988,REQ_A4D067EDDA41,1,5420.0,0.7842836745656315,True,0.0,0.020099992980249226,0.28649999876506627,2917.006500007119,0.0168999977177009,2917.625100002624,12,1.0,42,True,False,quantum_simulator,,0.0,-1433.1528853299096,-1057.7392825324139,classical_incumbent,not_better_than_incumbent,12,132.0,1024.0,0.119140625,1.0,,quav_hybrid_v1,circular_return,HYBRID-3,6
CIRC_032_MND_FE8D567E9001,HYBRID-3-WARM,-1433.1528853299096,-1543.9838824968988,-1543.9838824968988,-1543.9838824968988,REQ_7BDBB0A041CE,1,5860.0,0.8479524599547233,True,110.83099716698916,0.026599998818710446,0.4155000060563907,3209.6454999991693,0.011600001016631722,3210.5002000025706,12,1.0,42,True,True,quantum_simulator,,110.83099716698916,-1433.1528853299096,-1543.9838824968988,circular_hybrid,,12,132.0,1024.0,0.1015625,1.0,,quav_hybrid_v1,circular_return,HYBRID-3-WARM,6
CIRC_032_MND_FE8D567E9001,QUBO_CLASSICAL,-1433.1528853299096,-1543.9838824968988,-1543.9838824968988,-1543.9838824968988,REQ_7BDBB0A041CE,1,5860.0,0.8479524599547233,True,110.83099716698916,0.019400002202019095,0.3896000125678256,74.75960000010673,0.020899999071843922,75.54689999960829,12,1.0,42,True,True,classical_qubo,,110.83099716698916,-1433.1528853299096,-1543.9838824968988,circular_hybrid,,12,,,,1.0,,quav_hybrid_v1,circular_return,QUBO_CLASSICAL,6
CIRC_033_MND_BA2F125FAB06,HYBRID-3,-667.3928118343042,-807.3606494513424,-807.3606494513424,-807.3606494513424,"REQ_7FD4B4FF7B61,REQ_80B76FF22C78",2,4120.0,0.853156582971687,True,139.96783761703819,0.08310000703204423,0.39770000148564577,2914.044000004651,0.018699996871873736,2914.9279999983264,12,1.0,42,True,True,quantum_simulator,,139.96783761703819,-667.3928118343042,-807.3606494513424,circular_hybrid,,12,132.0,1024.0,0.173828125,1.0,,quav_hybrid_v1,circular_return,HYBRID-3,6
CIRC_033_MND_BA2F125FAB06,HYBRID-3-WARM,-667.3928118343042,-559.373410039785,-667.3928118343042,-807.3606494513424,REQ_2EB81B3C6FDB,1,3290.0,0.681282805334187,True,0.0,0.028800001018680632,0.42470000335015357,3217.03639999032,0.017400001524947584,3217.92650000134,12,1.0,42,True,False,quantum_simulator,,0.0,-667.3928118343042,-559.373410039785,classical_incumbent,not_better_than_incumbent,12,132.0,1024.0,0.162109375,1.0,,quav_hybrid_v1,circular_return,HYBRID-3-WARM,6
CIRC_033_MND_BA2F125FAB06,QUBO_CLASSICAL,-667.3928118343042,-807.3606494513424,-807.3606494513424,-807.3606494513424,"REQ_7FD4B4FF7B61,REQ_80B76FF22C78",2,4120.0,0.853156582971687,True,139.96783761703819,0.021899992134422064,0.4003999929409474,66.10570001066662,0.021400002879090607,66.94269999570679,12,1.0,42,True,True,classical_qubo,,139.96783761703819,-667.3928118343042,-807.3606494513424,circular_hybrid,,12,,,,1.0,,quav_hybrid_v1,circular_return,QUBO_CLASSICAL,6
CIRC_034_MND_7491C25B20FE,HYBRID-3,-2162.2411981009855,-1478.630007531465,-2162.2411981009855,-2162.2411981009855,"REQ_1DAD579352A1,REQ_E777B15C4BB5",2,7840.0,0.9722555726105788,True,0.0,0.026699999580159783,0.2702999918255955,3730.065600000671,0.014299992471933365,3730.6475000077626,12,1.0,42,True,False,quantum_simulator,,0.0,-2162.2411981009855,-1478.630007531465,classical_incumbent,not_better_than_incumbent,12,132.0,1024.0,0.1650390625,1.0,,quav_hybrid_v1,circular_return,HYBRID-3,6
CIRC_034_MND_7491C25B20FE,HYBRID-3-WARM,-2162.2411981009855,-1908.0705785406035,-2162.2411981009855,-2162.2411981009855,"REQ_1DAD579352A1,REQ_E777B15C4BB5",2,7840.0,0.9722555726105788,True,0.0,0.02890000178012997,0.33060001442208886,3554.2603000067174,0.011500000255182385,3555.031900003087,12,1.0,42,True,False,quantum_simulator,,0.0,-2162.2411981009855,-1908.0705785406035,classical_incumbent,not_better_than_incumbent,12,132.0,1024.0,0.1806640625,1.0,,quav_hybrid_v1,circular_return,HYBRID-3-WARM,6
CIRC_034_MND_7491C25B20FE,QUBO_CLASSICAL,-2162.2411981009855,-2162.2411981009855,-2162.2411981009855,-2162.2411981009855,"REQ_1DAD579352A1,REQ_E777B15C4BB5",2,7840.0,0.9722555726105788,True,0.0,0.03619999915827066,0.2786999975796789,73.35500000044703,0.02269999822601676,73.98380000086036,12,1.0,42,True,False,classical_qubo,,0.0,-2162.2411981009855,-2162.2411981009855,classical_incumbent,not_better_than_incumbent,12,,,,1.0,,quav_hybrid_v1,circular_return,QUBO_CLASSICAL,6
CIRC_035_MND_954F0551D2D8,HYBRID-3,-1586.6984625912448,-1586.6984625912448,-1586.6984625912448,-1586.6984625912448,"REQ_8ECF5D85FBFF,REQ_1CA414B99154",2,6760.0,0.7825371180900598,True,0.0,0.027300004148855805,0.2868000010494143,3367.905300008715,0.018000006093643606,3368.5532999952557,12,1.0,42,True,False,quantum_simulator,,0.0,-1586.6984625912448,-1586.6984625912448,classical_incumbent,not_better_than_incumbent,12,132.0,1024.0,0.19140625,1.0,,quav_hybrid_v1,circular_return,HYBRID-3,6
CIRC_035_MND_954F0551D2D8,HYBRID-3-WARM,-1586.6984625912448,-1507.5221776869525,-1586.6984625912448,-1586.6984625912448,"REQ_8ECF5D85FBFF,REQ_1CA414B99154",2,6760.0,0.7825371180900598,True,0.0,0.02820001100189984,0.7865999941714108,3078.07010000397,0.010900010238401592,3079.3485999893164,12,1.0,42,True,False,quantum_simulator,,0.0,-1586.6984625912448,-1507.5221776869525,classical_incumbent,not_better_than_incumbent,12,132.0,1024.0,0.212890625,1.0,,quav_hybrid_v1,circular_return,HYBRID-3-WARM,6
CIRC_035_MND_954F0551D2D8,QUBO_CLASSICAL,-1586.6984625912448,-1586.6984625912448,-1586.6984625912448,-1586.6984625912448,"REQ_8ECF5D85FBFF,REQ_1CA414B99154",2,6760.0,0.7825371180900598,True,0.0,0.024499997380189598,0.29099998937454075,72.91680001071654,0.03440000000409782,73.556200004532,12,1.0,42,True,False,classical_qubo,,0.0,-1586.6984625912448,-1586.6984625912448,classical_incumbent,not_better_than_incumbent,12,,,,1.0,,quav_hybrid_v1,circular_return,QUBO_CLASSICAL,6
CIRC_036_MND_954F0551D2D8,HYBRID-3,-1310.2019301243358,-609.5672927954598,-1310.2019301243358,-1310.2019301243358,REQ_050E44359DC5,1,5230.0,0.9911830370880185,True,0.0,0.022199994418770075,0.2930000046035275,2863.6870000045747,0.01440000778529793,2864.3012999964412,12,1.0,42,True,False,quantum_simulator,,0.0,-1310.2019301243358,-609.5672927954598,classical_incumbent,not_better_than_incumbent,12,132.0,1024.0,0.126953125,1.0,,quav_hybrid_v1,circular_return,HYBRID-3,6
CIRC_036_MND_954F0551D2D8,HYBRID-3-WARM,-1310.2019301243358,-427.4502330817128,-1310.2019301243358,-1310.2019301243358,REQ_050E44359DC5,1,5230.0,0.9911830370880185,True,0.0,0.020099992980249226,0.3090999962296337,3338.8537999999244,0.01410000550094992,3339.55249999417,12,1.0,42,True,False,quantum_simulator,,0.0,-1310.2019301243358,-427.4502330817128,classical_incumbent,not_better_than_incumbent,12,132.0,1024.0,0.1416015625,1.0,,quav_hybrid_v1,circular_return,HYBRID-3-WARM,6
CIRC_036_MND_954F0551D2D8,QUBO_CLASSICAL,-1310.2019301243358,-1310.2019301243358,-1310.2019301243358,-1310.2019301243358,REQ_050E44359DC5,1,5230.0,0.9911830370880185,True,0.0,0.02379999205004424,0.4017000028397888,64.67999999586027,0.013699987903237343,65.500400000019,12,1.0,42,True,False,classical_qubo,,0.0,-1310.2019301243358,-1310.2019301243358,classical_incumbent,not_better_than_incumbent,12,,,,1.0,,quav_hybrid_v1,circular_return,QUBO_CLASSICAL,6
CIRC_037_MND_C163C6E4A832,HYBRID-3,-301.60530153292564,-206.02160245060014,-301.60530153292564,-301.60530153292564,REQ_4D916649A892,1,1710.0,0.8385321285216486,True,0.0,0.01440000778529793,0.16349999350495636,3746.1383000045316,0.008399991202168167,3746.474200001103,12,1.0,42,True,False,quantum_simulator,,0.0,-301.60530153292564,-206.02160245060014,classical_incumbent,not_better_than_incumbent,12,132.0,1024.0,0.1123046875,1.0,,quav_hybrid_v1,circular_return,HYBRID-3,6
CIRC_037_MND_C163C6E4A832,HYBRID-3-WARM,-301.60530153292564,-198.34083248112609,-301.60530153292564,-301.60530153292564,REQ_4D916649A892,1,1710.0,0.8385321285216486,True,0.0,0.017600003047846258,0.26030000299215317,3469.2249999934575,0.017600003047846258,3469.787099995301,12,1.0,42,True,False,quantum_simulator,,0.0,-301.60530153292564,-198.34083248112609,classical_incumbent,not_better_than_incumbent,12,132.0,1024.0,0.1142578125,1.0,,quav_hybrid_v1,circular_return,HYBRID-3-WARM,6
CIRC_037_MND_C163C6E4A832,QUBO_CLASSICAL,-301.60530153292564,-301.60530153292564,-301.60530153292564,-301.60530153292564,REQ_4D916649A892,1,1710.0,0.8385321285216486,True,0.0,0.02610000956337899,0.41629999759607017,78.10859999153763,0.0185999961104244,78.95850000204518,12,1.0,42,True,False,classical_qubo,,0.0,-301.60530153292564,-301.60530153292564,classical_incumbent,not_better_than_incumbent,12,,,,1.0,,quav_hybrid_v1,circular_return,QUBO_CLASSICAL,6
CIRC_038_MND_9AE87167EF0F,HYBRID-3,-665.7702337290665,-665.7702337290665,-665.7702337290665,-665.7702337290665,REQ_8C955B4F70EC,1,3390.0,0.9635156077393976,True,0.0,0.022799998987466097,0.30849999166093767,3051.014099997701,0.01589999010320753,3051.6249000065727,12,1.0,42,True,False,quantum_simulator,,0.0,-665.7702337290665,-665.7702337290665,classical_incumbent,not_better_than_incumbent,12,132.0,1024.0,0.1298828125,1.0,,quav_hybrid_v1,circular_return,HYBRID-3,6
CIRC_038_MND_9AE87167EF0F,HYBRID-3-WARM,-665.7702337290665,-665.7702337290665,-665.7702337290665,-665.7702337290665,REQ_8C955B4F70EC,1,3390.0,0.9635156077393976,True,0.0,0.02400000812485814,0.4364000051282346,3342.1474999922793,0.01479999627918005,3343.0249000084586,12,1.0,42,True,False,quantum_simulator,,0.0,-665.7702337290665,-665.7702337290665,classical_incumbent,not_better_than_incumbent,12,132.0,1024.0,0.1220703125,1.0,,quav_hybrid_v1,circular_return,HYBRID-3-WARM,6
CIRC_038_MND_9AE87167EF0F,QUBO_CLASSICAL,-665.7702337290665,-665.7702337290665,-665.7702337290665,-665.7702337290665,REQ_8C955B4F70EC,1,3390.0,0.9635156077393976,True,0.0,0.023999993572942913,0.403900005039759,63.28989999019541,0.013900003978051245,64.1124999965541,12,1.0,42,True,False,classical_qubo,,0.0,-665.7702337290665,-665.7702337290665,classical_incumbent,not_better_than_incumbent,12,,,,1.0,,quav_hybrid_v1,circular_return,QUBO_CLASSICAL,6
CIRC_039_MND_D5BFCB18509B,HYBRID-3,-502.47993842839,-274.73452958410496,-502.47993842839,-502.47993842839,REQ_28F2051978F8,1,2350.0,0.9761404470687765,True,0.0,0.012800010154023767,0.16509999113623053,3162.877800001297,0.016699996194802225,3163.2294000010006,12,1.0,42,True,False,quantum_simulator,,0.0,-502.47993842839,-274.73452958410496,classical_incumbent,not_better_than_incumbent,12,132.0,1024.0,0.1279296875,1.0,,quav_hybrid_v1,circular_return,HYBRID-3,6
CIRC_039_MND_D5BFCB18509B,HYBRID-3-WARM,-502.47993842839,-456.5101953421139,-502.47993842839,-502.47993842839,REQ_28F2051978F8,1,2350.0,0.9761404470687765,True,0.0,0.022899999748915434,0.4312999953981489,3378.656000000774,0.011500000255182385,3379.5376000052784,12,1.0,42,True,False,quantum_simulator,,0.0,-502.47993842839,-456.5101953421139,classical_incumbent,not_better_than_incumbent,12,132.0,1024.0,0.107421875,1.0,,quav_hybrid_v1,circular_return,HYBRID-3-WARM,6
CIRC_039_MND_D5BFCB18509B,QUBO_CLASSICAL,-502.47993842839,-502.47993842839,-502.47993842839,-502.47993842839,REQ_28F2051978F8,1,2350.0,0.9761404470687765,True,0.0,0.12530000822152942,0.4191999905742705,73.70649999938905,0.015500001609325409,74.64419999450911,12,1.0,42,True,False,classical_qubo,,0.0,-502.47993842839,-502.47993842839,classical_incumbent,not_better_than_incumbent,12,,,,1.0,,quav_hybrid_v1,circular_return,QUBO_CLASSICAL,6
